Step,ScenarioA_Low,ScenarioA_High,ScenarioB_Low,ScenarioB_High
0,0.1,0.9,0.1,0.9
1,0.096,0.905,0.118,0.882
2,0.096,0.906,0.138,0.863
3,0.092,0.909,0.155,0.845
4,0.089,0.911,0.173,0.827
5,0.085,0.912,0.189,0.809
6,0.084,0.914,0.205,0.795
7,0.081,0.917,0.222,0.776
8,0.077,0.917,0.238,0.76
9,0.077,0.922,0.252,0.746
10,0.073,0.927,0.268,0.731
11,0.072,0.929,0.282,0.715
12,0.071,0.932,0.296,0.699
13,0.068,0.935,0.314,0.683
14,0.066,0.937,0.325,0.669
15,0.064,0.941,0.335,0.658
16,0.063,0.941,0.346,0.644
17,0.063,0.942,0.357,0.629
18,0.062,0.944,0.371,0.615
19,0.062,0.945,0.384,0.602
20,0.059,0.946,0.391,0.594
21,0.059,0.947,0.399,0.581
22,0.059,0.948,0.406,0.575
23,0.058,0.948,0.414,0.569
24,0.054,0.949,0.423,0.561
25,0.054,0.951,0.431,0.555
26,0.054,0.952,0.435,0.552
27,0.052,0.953,0.441,0.546
28,0.051,0.954,0.446,0.539
29,0.051,0.955,0.448,0.53
30,0.05,0.955,0.455,0.528
31,0.048,0.957,0.46,0.518
32,0.047,0.958,0.462,0.524
33,0.043,0.959,0.467,0.517
34,0.042,0.959,0.468,0.512
35,0.041,0.96,0.471,0.509
36,0.041,0.962,0.474,0.51
37,0.039,0.962,0.481,0.51
38,0.039,0.963,0.484,0.511
39,0.038,0.964,0.481,0.512
40,0.037,0.965,0.485,0.512
41,0.036,0.966,0.487,0.513
42,0.035,0.967,0.487,0.516
43,0.035,0.967,0.488,0.513
44,0.035,0.968,0.491,0.515
45,0.034,0.968,0.488,0.519
46,0.033,0.968,0.487,0.514
47,0.032,0.968,0.486,0.511
48,0.032,0.969,0.484,0.514
49,0.031,0.971,0.484,0.51
50,0.029,0.973,0.484,0.506
51,0.029,0.973,0.486,0.503
52,0.028,0.973,0.489,0.503
53,0.028,0.974,0.489,0.504
54,0.027,0.975,0.491,0.506
55,0.026,0.975,0.49,0.504
56,0.024,0.975,0.494,0.507
57,0.023,0.975,0.496,0.504
58,0.023,0.975,0.496,0.507
59,0.022,0.975,0.493,0.512
60,0.021,0.976,0.494,0.517
61,0.021,0.976,0.496,0.512
62,0.02,0.978,0.498,0.509
63,0.02,0.98,0.498,0.507
64,0.019,0.98,0.499,0.505
65,0.019,0.98,0.497,0.499
66,0.019,0.98,0.497,0.5
67,0.019,0.981,0.5,0.505
68,0.019,0.982,0.505,0.5
69,0.018,0.983,0.503,0.501
70,0.018,0.984,0.498,0.5
71,0.018,0.984,0.494,0.502
72,0.018,0.985,0.496,0.498
73,0.018,0.985,0.49,0.501
74,0.017,0.985,0.488,0.493
75,0.016,0.985,0.489,0.5
76,0.016,0.985,0.493,0.498
77,0.016,0.985,0.49,0.5
78,0.016,0.985,0.493,0.5
79,0.016,0.985,0.492,0.501
80,0.016,0.985,0.492,0.503
81,0.016,0.986,0.49,0.509
82,0.015,0.987,0.49,0.504
83,0.015,0.988,0.494,0.5
84,0.015,0.989,0.496,0.501
85,0.015,0.989,0.499,0.5
86,0.013,0.989,0.497,0.499
87,0.013,0.989,0.5,0.501
88,0.012,0.99,0.498,0.5
89,0.012,0.99,0.5,0.494
90,0.011,0.99,0.497,0.498
91,0.011,0.99,0.503,0.495
92,0.011,0.991,0.506,0.494
93,0.011,0.991,0.501,0.488
94,0.011,0.991,0.505,0.489
95,0.011,0.991,0.501,0.49
96,0.011,0.991,0.502,0.487
97,0.011,0.992,0.498,0.489
98,0.011,0.992,0.5,0.493
99,0.011,0.992,0.498,0.492
100,0.011,0.992,0.495,0.497
101,0.011,0.993,0.495,0.495
102,0.01,0.993,0.494,0.492
103,0.01,0.993,0.498,0.49
104,0.01,0.994,0.488,0.495
105,0.009,0.994,0.486,0.497
106,0.008,0.994,0.485,0.498
107,0.008,0.994,0.489,0.498
108,0.008,0.994,0.487,0.5
109,0.008,0.994,0.484,0.503
110,0.008,0.994,0.486,0.505
111,0.008,0.994,0.489,0.504
112,0.008,0.994,0.486,0.5
113,0.008,0.994,0.489,0.501
114,0.007,0.994,0.49,0.496
115,0.007,0.994,0.492,0.495
116,0.007,0.994,0.487,0.494
117,0.007,0.994,0.483,0.498
118,0.007,0.995,0.484,0.496
119,0.007,0.995,0.487,0.494
120,0.007,0.995,0.492,0.496
121,0.007,0.995,0.491,0.496
122,0.006,0.995,0.491,0.492
123,0.006,0.995,0.491,0.497
124,0.006,0.995,0.491,0.496
125,0.006,0.996,0.487,0.499
126,0.006,0.996,0.491,0.497
127,0.006,0.996,0.493,0.49
128,0.006,0.996,0.49,0.492
129,0.006,0.996,0.487,0.491
130,0.006,0.996,0.486,0.491
131,0.006,0.997,0.492,0.486
132,0.006,0.997,0.49,0.481
133,0.006,0.997,0.488,0.479
134,0.006,0.997,0.488,0.485
135,0.006,0.997,0.489,0.485
136,0.005,0.997,0.491,0.489
137,0.005,0.997,0.49,0.493
138,0.005,0.997,0.493,0.499
139,0.005,0.997,0.488,0.501
140,0.005,0.997,0.487,0.498
141,0.005,0.997,0.485,0.497
142,0.005,0.997,0.483,0.494
143,0.005,0.997,0.484,0.489
144,0.005,0.998,0.488,0.491
145,0.005,0.998,0.486,0.491
146,0.005,0.998,0.489,0.49
147,0.005,0.998,0.491,0.486
148,0.005,0.998,0.492,0.49
149,0.005,0.998,0.494,0.488
150,0.005,0.998,0.499,0.492
151,0.005,0.998,0.497,0.495
152,0.004,0.998,0.499,0.49
153,0.004,0.998,0.496,0.494
154,0.003,0.998,0.494,0.497
155,0.003,0.998,0.49,0.502
156,0.003,0.998,0.491,0.498
157,0.003,0.998,0.484,0.498
158,0.003,0.998,0.487,0.495
159,0.003,0.998,0.486,0.491
160,0.003,0.998,0.486,0.493
161,0.003,0.998,0.483,0.498
162,0.003,0.998,0.48,0.5
163,0.003,0.999,0.482,0.502
164,0.003,0.999,0.486,0.498
165,0.003,0.999,0.488,0.493
166,0.003,0.999,0.484,0.493
167,0.003,0.999,0.49,0.492
168,0.003,0.999,0.49,0.496
169,0.003,0.999,0.489,0.499
170,0.003,0.999,0.487,0.494
171,0.003,0.999,0.49,0.494
172,0.003,0.999,0.488,0.497
173,0.003,0.999,0.49,0.499
174,0.003,0.999,0.493,0.5
175,0.003,0.999,0.493,0.504
176,0.003,0.999,0.494,0.498
177,0.003,0.999,0.491,0.497
178,0.003,1.0,0.485,0.495
179,0.003,1.0,0.488,0.498
180,0.003,1.0,0.488,0.499
181,0.003,1.0,0.49,0.494
182,0.002,1.0,0.497,0.497
183,0.002,1.0,0.5,0.493
184,0.002,1.0,0.495,0.49
185,0.002,1.0,0.498,0.488
186,0.002,1.0,0.497,0.49
187,0.002,1.0,0.498,0.489
188,0.001,1.0,0.497,0.488
189,0.001,1.0,0.499,0.487
190,0.001,1.0,0.499,0.495
191,0.001,1.0,0.502,0.5
192,0.001,1.0,0.504,0.502
193,0.001,1.0,0.499,0.505
194,0.001,1.0,0.499,0.506
195,0.001,1.0,0.5,0.505
196,0.001,1.0,0.499,0.502
197,0.001,1.0,0.494,0.504
198,0.001,1.0,0.495,0.499
199,0.001,1.0,0.493,0.5
200,0.001,1.0,0.491,0.496
201,0.001,1.0,0.496,0.493
202,0.001,1.0,0.501,0.488
203,0.001,1.0,0.5,0.494
204,0.001,1.0,0.493,0.494
205,0.001,1.0,0.496,0.492
206,0.001,1.0,0.498,0.492
207,0.001,1.0,0.5,0.496
208,0.001,1.0,0.502,0.501
209,0.001,1.0,0.501,0.502
210,0.001,1.0,0.504,0.505
211,0.001,1.0,0.505,0.504
212,0.001,1.0,0.503,0.5
213,0.001,1.0,0.5,0.5
214,0.001,1.0,0.496,0.498
215,0.001,1.0,0.492,0.496
216,0.001,1.0,0.487,0.499
217,0.001,1.0,0.483,0.499
218,0.001,1.0,0.486,0.497
219,0.001,1.0,0.487,0.498
220,0.001,1.0,0.482,0.499
221,0.001,1.0,0.483,0.5
222,0.001,1.0,0.486,0.496
223,0.001,1.0,0.485,0.495
224,0.001,1.0,0.483,0.493
225,0.001,1.0,0.478,0.49
226,0.001,1.0,0.48,0.492
227,0.001,1.0,0.482,0.491
228,0.001,1.0,0.48,0.488
229,0.001,1.0,0.483,0.488
230,0.001,1.0,0.486,0.486
231,0.001,1.0,0.492,0.487
232,0.001,1.0,0.492,0.488
233,0.001,1.0,0.489,0.489
234,0.001,1.0,0.486,0.484
235,0.001,1.0,0.483,0.489
236,0.001,1.0,0.482,0.491
237,0.001,1.0,0.483,0.496
238,0.001,1.0,0.482,0.495
239,0.001,1.0,0.482,0.495
240,0.001,1.0,0.486,0.491
241,0.001,1.0,0.486,0.492
242,0.001,1.0,0.487,0.491
243,0.001,1.0,0.488,0.488
244,0.001,1.0,0.488,0.489
245,0.001,1.0,0.491,0.486
246,0.001,1.0,0.489,0.488
247,0.001,1.0,0.488,0.489
248,0.001,1.0,0.495,0.486
249,0.001,1.0,0.497,0.483
250,0.001,1.0,0.495,0.483
251,0.001,1.0,0.493,0.488
252,0.001,1.0,0.488,0.488
253,0.001,1.0,0.494,0.491
254,0.001,1.0,0.495,0.492
255,0.001,1.0,0.494,0.495
256,0.001,1.0,0.491,0.493
257,0.001,1.0,0.492,0.49
258,0.001,1.0,0.495,0.492
259,0.001,1.0,0.493,0.489
260,0.001,1.0,0.495,0.493
261,0.001,1.0,0.502,0.493
262,0.001,1.0,0.505,0.488
263,0.001,1.0,0.501,0.491
264,0.001,1.0,0.5,0.486
265,0.001,1.0,0.501,0.487
266,0.001,1.0,0.504,0.483
267,0.0,1.0,0.498,0.478
268,0.0,1.0,0.5,0.485
269,0.0,1.0,0.496,0.48
270,0.0,1.0,0.494,0.485
271,0.0,1.0,0.498,0.483
272,0.0,1.0,0.495,0.483
273,0.0,1.0,0.494,0.483
274,0.0,1.0,0.495,0.489
275,0.0,1.0,0.5,0.492
276,0.0,1.0,0.501,0.491
277,0.0,1.0,0.501,0.489
278,0.0,1.0,0.502,0.49
279,0.0,1.0,0.501,0.487
280,0.0,1.0,0.501,0.487
281,0.0,1.0,0.501,0.482
282,0.0,1.0,0.504,0.485
283,0.0,1.0,0.502,0.482
284,0.0,1.0,0.504,0.479
285,0.0,1.0,0.504,0.482
286,0.0,1.0,0.51,0.48
287,0.0,1.0,0.503,0.481
288,0.0,1.0,0.499,0.485
289,0.0,1.0,0.498,0.491
290,0.0,1.0,0.498,0.489
291,0.0,1.0,0.5,0.486
292,0.0,1.0,0.497,0.484
293,0.0,1.0,0.501,0.483
294,0.0,1.0,0.503,0.482
295,0.0,1.0,0.507,0.489
296,0.0,1.0,0.503,0.486
297,0.0,1.0,0.508,0.485
298,0.0,1.0,0.508,0.483
299,0.0,1.0,0.508,0.484
300,0.0,1.0,0.504,0.489
301,0.0,1.0,0.505,0.486
302,0.0,1.0,0.502,0.49
303,0.0,1.0,0.499,0.486
304,0.0,1.0,0.499,0.487
305,0.0,1.0,0.5,0.492
306,0.0,1.0,0.497,0.496
307,0.0,1.0,0.494,0.494
308,0.0,1.0,0.49,0.492
309,0.0,1.0,0.489,0.49
310,0.0,1.0,0.492,0.49
311,0.0,1.0,0.497,0.492
312,0.0,1.0,0.496,0.49
313,0.0,1.0,0.5,0.493
314,0.0,1.0,0.499,0.491
315,0.0,1.0,0.495,0.496
316,0.0,1.0,0.494,0.495
317,0.0,1.0,0.496,0.49
318,0.0,1.0,0.496,0.497
319,0.0,1.0,0.493,0.497
320,0.0,1.0,0.489,0.49
321,0.0,1.0,0.493,0.494
322,0.0,1.0,0.49,0.495
323,0.0,1.0,0.494,0.488
324,0.0,1.0,0.497,0.486
325,0.0,1.0,0.494,0.488
326,0.0,1.0,0.494,0.487
327,0.0,1.0,0.493,0.482
328,0.0,1.0,0.491,0.487
329,0.0,1.0,0.493,0.49
330,0.0,1.0,0.493,0.49
331,0.0,1.0,0.493,0.491
332,0.0,1.0,0.487,0.491
333,0.0,1.0,0.487,0.491
334,0.0,1.0,0.485,0.494
335,0.0,1.0,0.483,0.496
336,0.0,1.0,0.486,0.496
337,0.0,1.0,0.485,0.492
338,0.0,1.0,0.485,0.494
339,0.0,1.0,0.486,0.497
340,0.0,1.0,0.488,0.5
341,0.0,1.0,0.494,0.502
342,0.0,1.0,0.497,0.504
343,0.0,1.0,0.493,0.505
344,0.0,1.0,0.495,0.505
345,0.0,1.0,0.492,0.503
346,0.0,1.0,0.489,0.502
347,0.0,1.0,0.49,0.507
348,0.0,1.0,0.494,0.506
349,0.0,1.0,0.497,0.505
350,0.0,1.0,0.49,0.505
351,0.0,1.0,0.488,0.498
352,0.0,1.0,0.492,0.496
353,0.0,1.0,0.486,0.498
354,0.0,1.0,0.491,0.494
355,0.0,1.0,0.496,0.494
356,0.0,1.0,0.494,0.493
357,0.0,1.0,0.492,0.49
358,0.0,1.0,0.492,0.489
359,0.0,1.0,0.492,0.494
360,0.0,1.0,0.485,0.491
361,0.0,1.0,0.489,0.489
362,0.0,1.0,0.489,0.492
363,0.0,1.0,0.489,0.49
364,0.0,1.0,0.493,0.491
365,0.0,1.0,0.485,0.493
366,0.0,1.0,0.482,0.495
367,0.0,1.0,0.483,0.495
368,0.0,1.0,0.48,0.498
369,0.0,1.0,0.484,0.497
370,0.0,1.0,0.477,0.501
371,0.0,1.0,0.481,0.493
372,0.0,1.0,0.481,0.495
373,0.0,1.0,0.486,0.496
374,0.0,1.0,0.487,0.497
375,0.0,1.0,0.487,0.5
376,0.0,1.0,0.483,0.499
377,0.0,1.0,0.486,0.499
378,0.0,1.0,0.487,0.5
379,0.0,1.0,0.488,0.502
380,0.0,1.0,0.494,0.5
381,0.0,1.0,0.497,0.501
382,0.0,1.0,0.493,0.501
383,0.0,1.0,0.493,0.5
384,0.0,1.0,0.496,0.497
385,0.0,1.0,0.499,0.5
386,0.0,1.0,0.499,0.503
387,0.0,1.0,0.498,0.5
388,0.0,1.0,0.492,0.504
389,0.0,1.0,0.486,0.5
390,0.0,1.0,0.488,0.507
391,0.0,1.0,0.484,0.506
392,0.0,1.0,0.486,0.504
393,0.0,1.0,0.484,0.499
394,0.0,1.0,0.487,0.498
395,0.0,1.0,0.488,0.496
396,0.0,1.0,0.482,0.495
397,0.0,1.0,0.488,0.5
398,0.0,1.0,0.484,0.507
399,0.0,1.0,0.488,0.507
400,0.0,1.0,0.486,0.504
401,0.0,1.0,0.487,0.508
402,0.0,1.0,0.488,0.505
403,0.0,1.0,0.488,0.504
404,0.0,1.0,0.49,0.502
405,0.0,1.0,0.49,0.507
406,0.0,1.0,0.491,0.508
407,0.0,1.0,0.49,0.505
408,0.0,1.0,0.494,0.502
409,0.0,1.0,0.493,0.5
410,0.0,1.0,0.501,0.499
411,0.0,1.0,0.498,0.494
412,0.0,1.0,0.501,0.495
413,0.0,1.0,0.503,0.496
414,0.0,1.0,0.506,0.5
415,0.0,1.0,0.51,0.498
416,0.0,1.0,0.513,0.498
417,0.0,1.0,0.511,0.502
418,0.0,1.0,0.51,0.504
419,0.0,1.0,0.509,0.5
420,0.0,1.0,0.51,0.5
421,0.0,1.0,0.51,0.5
422,0.0,1.0,0.51,0.501
423,0.0,1.0,0.513,0.499
424,0.0,1.0,0.511,0.495
425,0.0,1.0,0.511,0.493
426,0.0,1.0,0.508,0.487
427,0.0,1.0,0.508,0.49
428,0.0,1.0,0.505,0.491
429,0.0,1.0,0.506,0.494
430,0.0,1.0,0.506,0.49
431,0.0,1.0,0.504,0.492
432,0.0,1.0,0.501,0.493
433,0.0,1.0,0.497,0.495
434,0.0,1.0,0.499,0.495
435,0.0,1.0,0.497,0.5
436,0.0,1.0,0.494,0.498
437,0.0,1.0,0.489,0.503
438,0.0,1.0,0.49,0.503
439,0.0,1.0,0.488,0.504
440,0.0,1.0,0.488,0.503
441,0.0,1.0,0.495,0.504
442,0.0,1.0,0.496,0.498
443,0.0,1.0,0.496,0.499
444,0.0,1.0,0.492,0.494
445,0.0,1.0,0.493,0.498
446,0.0,1.0,0.492,0.5
447,0.0,1.0,0.494,0.497
448,0.0,1.0,0.49,0.493
449,0.0,1.0,0.489,0.496
450,0.0,1.0,0.489,0.497
451,0.0,1.0,0.49,0.496
452,0.0,1.0,0.491,0.494
453,0.0,1.0,0.492,0.499
454,0.0,1.0,0.493,0.498
455,0.0,1.0,0.487,0.507
456,0.0,1.0,0.491,0.499
457,0.0,1.0,0.503,0.501
458,0.0,1.0,0.506,0.499
459,0.0,1.0,0.503,0.503
460,0.0,1.0,0.506,0.504
461,0.0,1.0,0.507,0.503
462,0.0,1.0,0.509,0.504
463,0.0,1.0,0.508,0.506
464,0.0,1.0,0.51,0.506
465,0.0,1.0,0.51,0.508
466,0.0,1.0,0.508,0.51
467,0.0,1.0,0.507,0.508
468,0.0,1.0,0.5,0.499
469,0.0,1.0,0.497,0.499
470,0.0,1.0,0.494,0.5
471,0.0,1.0,0.498,0.501
472,0.0,1.0,0.496,0.496
473,0.0,1.0,0.499,0.494
474,0.0,1.0,0.493,0.49
475,0.0,1.0,0.491,0.493
476,0.0,1.0,0.495,0.493
477,0.0,1.0,0.498,0.493
478,0.0,1.0,0.491,0.494
479,0.0,1.0,0.494,0.489
480,0.0,1.0,0.497,0.494
481,0.0,1.0,0.495,0.497
482,0.0,1.0,0.495,0.494
483,0.0,1.0,0.493,0.5
484,0.0,1.0,0.494,0.499
485,0.0,1.0,0.494,0.495
486,0.0,1.0,0.491,0.487
487,0.0,1.0,0.494,0.484
488,0.0,1.0,0.491,0.488
489,0.0,1.0,0.495,0.49
490,0.0,1.0,0.495,0.49
491,0.0,1.0,0.492,0.495
492,0.0,1.0,0.494,0.494
493,0.0,1.0,0.494,0.491
494,0.0,1.0,0.495,0.487
495,0.0,1.0,0.491,0.486
496,0.0,1.0,0.493,0.491
497,0.0,1.0,0.495,0.489
498,0.0,1.0,0.493,0.49
499,0.0,1.0,0.497,0.496
500,0.0,1.0,0.503,0.494
501,0.0,1.0,0.5,0.493
502,0.0,1.0,0.499,0.491
503,0.0,1.0,0.498,0.49
504,0.0,1.0,0.5,0.489
505,0.0,1.0,0.501,0.488
506,0.0,1.0,0.497,0.488
507,0.0,1.0,0.495,0.486
508,0.0,1.0,0.498,0.483
509,0.0,1.0,0.503,0.48
510,0.0,1.0,0.499,0.481
511,0.0,1.0,0.504,0.482
512,0.0,1.0,0.505,0.482
513,0.0,1.0,0.507,0.482
514,0.0,1.0,0.503,0.483
515,0.0,1.0,0.5,0.488
516,0.0,1.0,0.501,0.494
517,0.0,1.0,0.503,0.493
518,0.0,1.0,0.501,0.492
519,0.0,1.0,0.495,0.49
520,0.0,1.0,0.497,0.488
521,0.0,1.0,0.495,0.488
522,0.0,1.0,0.495,0.491
523,0.0,1.0,0.492,0.495
524,0.0,1.0,0.494,0.497
525,0.0,1.0,0.495,0.494
526,0.0,1.0,0.5,0.493
527,0.0,1.0,0.497,0.493
528,0.0,1.0,0.497,0.489
529,0.0,1.0,0.493,0.492
530,0.0,1.0,0.492,0.491
531,0.0,1.0,0.494,0.487
532,0.0,1.0,0.494,0.491
533,0.0,1.0,0.5,0.496
534,0.0,1.0,0.5,0.496
535,0.0,1.0,0.5,0.5
536,0.0,1.0,0.496,0.498
537,0.0,1.0,0.495,0.504
538,0.0,1.0,0.493,0.501
539,0.0,1.0,0.501,0.5
540,0.0,1.0,0.497,0.5
541,0.0,1.0,0.499,0.499
542,0.0,1.0,0.498,0.498
543,0.0,1.0,0.498,0.499
544,0.0,1.0,0.499,0.5
545,0.0,1.0,0.503,0.5
546,0.0,1.0,0.502,0.5
547,0.0,1.0,0.504,0.498
548,0.0,1.0,0.502,0.497
549,0.0,1.0,0.503,0.498
550,0.0,1.0,0.503,0.496
551,0.0,1.0,0.502,0.496
552,0.0,1.0,0.505,0.496
553,0.0,1.0,0.495,0.496
554,0.0,1.0,0.49,0.497
555,0.0,1.0,0.49,0.494
556,0.0,1.0,0.494,0.493
557,0.0,1.0,0.492,0.496
558,0.0,1.0,0.493,0.498
559,0.0,1.0,0.496,0.494
560,0.0,1.0,0.495,0.495
561,0.0,1.0,0.497,0.497
562,0.0,1.0,0.503,0.492
563,0.0,1.0,0.505,0.496
564,0.0,1.0,0.5,0.494
565,0.0,1.0,0.501,0.495
566,0.0,1.0,0.503,0.492
567,0.0,1.0,0.497,0.493
568,0.0,1.0,0.498,0.491
569,0.0,1.0,0.492,0.496
570,0.0,1.0,0.491,0.493
571,0.0,1.0,0.489,0.496
572,0.0,1.0,0.493,0.499
573,0.0,1.0,0.488,0.494
574,0.0,1.0,0.487,0.492
575,0.0,1.0,0.488,0.492
576,0.0,1.0,0.489,0.495
577,0.0,1.0,0.485,0.495
578,0.0,1.0,0.484,0.494
579,0.0,1.0,0.486,0.492
580,0.0,1.0,0.493,0.496
581,0.0,1.0,0.49,0.492
582,0.0,1.0,0.492,0.495
583,0.0,1.0,0.498,0.497
584,0.0,1.0,0.497,0.496
585,0.0,1.0,0.494,0.498
586,0.0,1.0,0.5,0.496
587,0.0,1.0,0.498,0.493
588,0.0,1.0,0.5,0.491
589,0.0,1.0,0.501,0.491
590,0.0,1.0,0.497,0.488
591,0.0,1.0,0.497,0.486
592,0.0,1.0,0.493,0.49
593,0.0,1.0,0.499,0.491
594,0.0,1.0,0.504,0.496
595,0.0,1.0,0.504,0.497
596,0.0,1.0,0.5,0.498
597,0.0,1.0,0.503,0.503
598,0.0,1.0,0.494,0.505
599,0.0,1.0,0.491,0.505
600,0.0,1.0,0.495,0.501
601,0.0,1.0,0.491,0.498
602,0.0,1.0,0.486,0.494
603,0.0,1.0,0.482,0.502
604,0.0,1.0,0.485,0.501
605,0.0,1.0,0.487,0.502
606,0.0,1.0,0.491,0.506
607,0.0,1.0,0.491,0.502
608,0.0,1.0,0.495,0.498
609,0.0,1.0,0.492,0.497
610,0.0,1.0,0.496,0.503
611,0.0,1.0,0.496,0.501
612,0.0,1.0,0.497,0.496
613,0.0,1.0,0.498,0.493
614,0.0,1.0,0.499,0.493
615,0.0,1.0,0.496,0.495
616,0.0,1.0,0.49,0.497
617,0.0,1.0,0.489,0.504
618,0.0,1.0,0.491,0.504
619,0.0,1.0,0.489,0.502
620,0.0,1.0,0.49,0.505
621,0.0,1.0,0.491,0.503
622,0.0,1.0,0.495,0.504
623,0.0,1.0,0.491,0.5
624,0.0,1.0,0.489,0.495
625,0.0,1.0,0.49,0.489
626,0.0,1.0,0.489,0.488
627,0.0,1.0,0.494,0.49
628,0.0,1.0,0.495,0.49
629,0.0,1.0,0.494,0.492
630,0.0,1.0,0.492,0.493
631,0.0,1.0,0.493,0.496
632,0.0,1.0,0.498,0.496
633,0.0,1.0,0.498,0.498
634,0.0,1.0,0.496,0.493
635,0.0,1.0,0.495,0.493
636,0.0,1.0,0.494,0.495
637,0.0,1.0,0.496,0.496
638,0.0,1.0,0.496,0.495
639,0.0,1.0,0.501,0.496
640,0.0,1.0,0.496,0.495
641,0.0,1.0,0.492,0.493
642,0.0,1.0,0.491,0.496
643,0.0,1.0,0.492,0.493
644,0.0,1.0,0.495,0.491
645,0.0,1.0,0.498,0.491
646,0.0,1.0,0.499,0.495
647,0.0,1.0,0.502,0.495
648,0.0,1.0,0.5,0.491
649,0.0,1.0,0.502,0.49
650,0.0,1.0,0.503,0.487
651,0.0,1.0,0.496,0.493
652,0.0,1.0,0.5,0.494
653,0.0,1.0,0.498,0.497
654,0.0,1.0,0.5,0.497
655,0.0,1.0,0.501,0.501
656,0.0,1.0,0.504,0.504
657,0.0,1.0,0.5,0.502
658,0.0,1.0,0.5,0.503
659,0.0,1.0,0.496,0.499
660,0.0,1.0,0.496,0.502
661,0.0,1.0,0.491,0.505
662,0.0,1.0,0.495,0.505
663,0.0,1.0,0.496,0.505
664,0.0,1.0,0.504,0.5
665,0.0,1.0,0.498,0.504
666,0.0,1.0,0.496,0.503
667,0.0,1.0,0.496,0.501
668,0.0,1.0,0.493,0.5
669,0.0,1.0,0.493,0.497
670,0.0,1.0,0.489,0.497
671,0.0,1.0,0.486,0.498
672,0.0,1.0,0.487,0.503
673,0.0,1.0,0.486,0.503
674,0.0,1.0,0.488,0.501
675,0.0,1.0,0.491,0.496
676,0.0,1.0,0.485,0.496
677,0.0,1.0,0.487,0.496
678,0.0,1.0,0.487,0.498
679,0.0,1.0,0.49,0.497
680,0.0,1.0,0.491,0.502
681,0.0,1.0,0.488,0.499
682,0.0,1.0,0.491,0.5
683,0.0,1.0,0.49,0.5
684,0.0,1.0,0.49,0.506
685,0.0,1.0,0.49,0.502
686,0.0,1.0,0.492,0.502
687,0.0,1.0,0.493,0.502
688,0.0,1.0,0.495,0.498
689,0.0,1.0,0.496,0.499
690,0.0,1.0,0.496,0.495
691,0.0,1.0,0.494,0.495
692,0.0,1.0,0.495,0.492
693,0.0,1.0,0.495,0.489
694,0.0,1.0,0.491,0.489
695,0.0,1.0,0.489,0.496
696,0.0,1.0,0.487,0.498
697,0.0,1.0,0.49,0.495
698,0.0,1.0,0.487,0.493
699,0.0,1.0,0.489,0.488
700,0.0,1.0,0.491,0.489
701,0.0,1.0,0.49,0.489
702,0.0,1.0,0.492,0.49
703,0.0,1.0,0.495,0.493
704,0.0,1.0,0.493,0.499
705,0.0,1.0,0.492,0.5
706,0.0,1.0,0.492,0.501
707,0.0,1.0,0.488,0.503
708,0.0,1.0,0.491,0.503
709,0.0,1.0,0.495,0.5
710,0.0,1.0,0.495,0.494
711,0.0,1.0,0.494,0.491
712,0.0,1.0,0.493,0.49
713,0.0,1.0,0.495,0.491
714,0.0,1.0,0.497,0.495
715,0.0,1.0,0.495,0.501
716,0.0,1.0,0.493,0.499
717,0.0,1.0,0.496,0.504
718,0.0,1.0,0.5,0.502
719,0.0,1.0,0.497,0.503
720,0.0,1.0,0.495,0.5
721,0.0,1.0,0.495,0.503
722,0.0,1.0,0.496,0.496
723,0.0,1.0,0.495,0.496
724,0.0,1.0,0.493,0.495
725,0.0,1.0,0.494,0.495
726,0.0,1.0,0.499,0.497
727,0.0,1.0,0.497,0.501
728,0.0,1.0,0.497,0.5
729,0.0,1.0,0.497,0.501
730,0.0,1.0,0.494,0.496
731,0.0,1.0,0.491,0.496
732,0.0,1.0,0.495,0.496
733,0.0,1.0,0.494,0.497
734,0.0,1.0,0.494,0.497
735,0.0,1.0,0.495,0.498
736,0.0,1.0,0.491,0.499
737,0.0,1.0,0.492,0.493
738,0.0,1.0,0.492,0.488
739,0.0,1.0,0.491,0.495
740,0.0,1.0,0.489,0.493
741,0.0,1.0,0.49,0.489
742,0.0,1.0,0.493,0.489
743,0.0,1.0,0.494,0.492
744,0.0,1.0,0.494,0.494
745,0.0,1.0,0.497,0.494
746,0.0,1.0,0.497,0.493
747,0.0,1.0,0.491,0.489
748,0.0,1.0,0.49,0.492
749,0.0,1.0,0.491,0.488
750,0.0,1.0,0.496,0.485
751,0.0,1.0,0.491,0.486
752,0.0,1.0,0.49,0.494
753,0.0,1.0,0.486,0.502
754,0.0,1.0,0.487,0.5
755,0.0,1.0,0.493,0.499
756,0.0,1.0,0.497,0.498
757,0.0,1.0,0.498,0.494
758,0.0,1.0,0.501,0.499
759,0.0,1.0,0.505,0.492
760,0.0,1.0,0.502,0.495
761,0.0,1.0,0.5,0.498
762,0.0,1.0,0.499,0.498
763,0.0,1.0,0.502,0.499
764,0.0,1.0,0.499,0.503
765,0.0,1.0,0.495,0.5
766,0.0,1.0,0.494,0.496
767,0.0,1.0,0.49,0.499
768,0.0,1.0,0.492,0.5
769,0.0,1.0,0.487,0.5
770,0.0,1.0,0.48,0.503
771,0.0,1.0,0.484,0.503
772,0.0,1.0,0.486,0.502
773,0.0,1.0,0.491,0.499
774,0.0,1.0,0.499,0.503
775,0.0,1.0,0.5,0.497
776,0.0,1.0,0.5,0.498
777,0.0,1.0,0.493,0.501
778,0.0,1.0,0.49,0.501
779,0.0,1.0,0.489,0.5
780,0.0,1.0,0.481,0.499
781,0.0,1.0,0.484,0.499
782,0.0,1.0,0.481,0.503
783,0.0,1.0,0.478,0.498
784,0.0,1.0,0.477,0.494
785,0.0,1.0,0.481,0.489
786,0.0,1.0,0.477,0.487
787,0.0,1.0,0.481,0.488
788,0.0,1.0,0.49,0.488
789,0.0,1.0,0.488,0.494
790,0.0,1.0,0.494,0.499
791,0.0,1.0,0.497,0.501
792,0.0,1.0,0.498,0.497
793,0.0,1.0,0.491,0.498
794,0.0,1.0,0.491,0.496
795,0.0,1.0,0.495,0.492
796,0.0,1.0,0.493,0.494
797,0.0,1.0,0.492,0.495
798,0.0,1.0,0.488,0.495
799,0.0,1.0,0.484,0.501
800,0.0,1.0,0.489,0.497
801,0.0,1.0,0.487,0.495
802,0.0,1.0,0.484,0.496
803,0.0,1.0,0.483,0.494
804,0.0,1.0,0.485,0.492
805,0.0,1.0,0.482,0.494
806,0.0,1.0,0.486,0.501
807,0.0,1.0,0.484,0.499
808,0.0,1.0,0.477,0.501
809,0.0,1.0,0.477,0.505
810,0.0,1.0,0.476,0.508
811,0.0,1.0,0.481,0.499
812,0.0,1.0,0.478,0.501
813,0.0,1.0,0.487,0.495
814,0.0,1.0,0.489,0.497
815,0.0,1.0,0.489,0.497
816,0.0,1.0,0.491,0.493
817,0.0,1.0,0.488,0.5
818,0.0,1.0,0.49,0.503
819,0.0,1.0,0.493,0.504
820,0.0,1.0,0.485,0.503
821,0.0,1.0,0.478,0.501
822,0.0,1.0,0.482,0.495
823,0.0,1.0,0.484,0.499
824,0.0,1.0,0.485,0.493
825,0.0,1.0,0.482,0.492
826,0.0,1.0,0.481,0.495
827,0.0,1.0,0.486,0.493
828,0.0,1.0,0.488,0.49
829,0.0,1.0,0.491,0.491
830,0.0,1.0,0.493,0.495
831,0.0,1.0,0.49,0.493
832,0.0,1.0,0.488,0.493
833,0.0,1.0,0.489,0.497
834,0.0,1.0,0.494,0.494
835,0.0,1.0,0.493,0.491
836,0.0,1.0,0.492,0.484
837,0.0,1.0,0.501,0.483
838,0.0,1.0,0.503,0.487
839,0.0,1.0,0.506,0.486
840,0.0,1.0,0.505,0.49
841,0.0,1.0,0.507,0.488
842,0.0,1.0,0.503,0.491
843,0.0,1.0,0.504,0.492
844,0.0,1.0,0.501,0.497
845,0.0,1.0,0.501,0.499
846,0.0,1.0,0.504,0.502
847,0.0,1.0,0.504,0.496
848,0.0,1.0,0.504,0.501
849,0.0,1.0,0.499,0.5
850,0.0,1.0,0.501,0.499
851,0.0,1.0,0.505,0.499
852,0.0,1.0,0.505,0.503
853,0.0,1.0,0.501,0.502
854,0.0,1.0,0.5,0.506
855,0.0,1.0,0.499,0.505
856,0.0,1.0,0.505,0.504
857,0.0,1.0,0.505,0.503
858,0.0,1.0,0.503,0.498
859,0.0,1.0,0.506,0.495
860,0.0,1.0,0.505,0.492
861,0.0,1.0,0.505,0.488
862,0.0,1.0,0.499,0.487
863,0.0,1.0,0.502,0.489
864,0.0,1.0,0.505,0.487
865,0.0,1.0,0.501,0.495
866,0.0,1.0,0.498,0.491
867,0.0,1.0,0.494,0.495
868,0.0,1.0,0.491,0.492
869,0.0,1.0,0.49,0.492
870,0.0,1.0,0.49,0.49
871,0.0,1.0,0.488,0.497
872,0.0,1.0,0.487,0.499
873,0.0,1.0,0.486,0.496
874,0.0,1.0,0.483,0.501
875,0.0,1.0,0.482,0.494
876,0.0,1.0,0.486,0.495
877,0.0,1.0,0.488,0.497
878,0.0,1.0,0.491,0.497
879,0.0,1.0,0.485,0.491
880,0.0,1.0,0.483,0.492
881,0.0,1.0,0.486,0.489
882,0.0,1.0,0.485,0.487
883,0.0,1.0,0.482,0.485
884,0.0,1.0,0.487,0.485
885,0.0,1.0,0.49,0.483
886,0.0,1.0,0.489,0.485
887,0.0,1.0,0.489,0.487
888,0.0,1.0,0.492,0.487
889,0.0,1.0,0.494,0.487
890,0.0,1.0,0.496,0.482
891,0.0,1.0,0.497,0.485
892,0.0,1.0,0.493,0.481
893,0.0,1.0,0.498,0.479
894,0.0,1.0,0.504,0.482
895,0.0,1.0,0.502,0.485
896,0.0,1.0,0.503,0.483
897,0.0,1.0,0.504,0.484
898,0.0,1.0,0.505,0.485
899,0.0,1.0,0.507,0.489
900,0.0,1.0,0.503,0.489
901,0.0,1.0,0.501,0.491
902,0.0,1.0,0.498,0.489
903,0.0,1.0,0.496,0.491
904,0.0,1.0,0.491,0.494
905,0.0,1.0,0.495,0.5
906,0.0,1.0,0.499,0.502
907,0.0,1.0,0.5,0.498
908,0.0,1.0,0.502,0.497
909,0.0,1.0,0.504,0.499
910,0.0,1.0,0.508,0.503
911,0.0,1.0,0.505,0.502
912,0.0,1.0,0.502,0.5
913,0.0,1.0,0.499,0.494
914,0.0,1.0,0.495,0.499
915,0.0,1.0,0.497,0.496
916,0.0,1.0,0.491,0.495
917,0.0,1.0,0.484,0.493
918,0.0,1.0,0.484,0.488
919,0.0,1.0,0.487,0.49
920,0.0,1.0,0.486,0.492
921,0.0,1.0,0.489,0.496
922,0.0,1.0,0.49,0.495
923,0.0,1.0,0.492,0.492
924,0.0,1.0,0.494,0.488
925,0.0,1.0,0.491,0.484
926,0.0,1.0,0.489,0.487
927,0.0,1.0,0.487,0.488
928,0.0,1.0,0.484,0.496
929,0.0,1.0,0.484,0.499
930,0.0,1.0,0.485,0.503
931,0.0,1.0,0.494,0.498
932,0.0,1.0,0.496,0.495
933,0.0,1.0,0.493,0.493
934,0.0,1.0,0.498,0.494
935,0.0,1.0,0.496,0.493
936,0.0,1.0,0.501,0.489
937,0.0,1.0,0.502,0.491
938,0.0,1.0,0.503,0.487
939,0.0,1.0,0.501,0.489
940,0.0,1.0,0.494,0.49
941,0.0,1.0,0.491,0.492
942,0.0,1.0,0.492,0.497
943,0.0,1.0,0.492,0.493
944,0.0,1.0,0.492,0.495
945,0.0,1.0,0.488,0.493
946,0.0,1.0,0.482,0.494
947,0.0,1.0,0.484,0.492
948,0.0,1.0,0.486,0.495
949,0.0,1.0,0.486,0.498
950,0.0,1.0,0.485,0.493
951,0.0,1.0,0.486,0.49
952,0.0,1.0,0.488,0.494
953,0.0,1.0,0.492,0.496
954,0.0,1.0,0.492,0.497
955,0.0,1.0,0.494,0.498
956,0.0,1.0,0.489,0.501
957,0.0,1.0,0.498,0.498
958,0.0,1.0,0.499,0.497
959,0.0,1.0,0.5,0.498
960,0.0,1.0,0.501,0.495
961,0.0,1.0,0.503,0.493
962,0.0,1.0,0.504,0.496
963,0.0,1.0,0.5,0.493
964,0.0,1.0,0.496,0.488
965,0.0,1.0,0.499,0.493
966,0.0,1.0,0.5,0.489
967,0.0,1.0,0.503,0.491
968,0.0,1.0,0.5,0.491
969,0.0,1.0,0.501,0.492
970,0.0,1.0,0.496,0.493
971,0.0,1.0,0.497,0.488
972,0.0,1.0,0.497,0.485
973,0.0,1.0,0.494,0.489
974,0.0,1.0,0.494,0.489
975,0.0,1.0,0.502,0.49
976,0.0,1.0,0.497,0.493
977,0.0,1.0,0.496,0.491
978,0.0,1.0,0.496,0.489
979,0.0,1.0,0.493,0.488
980,0.0,1.0,0.493,0.489
981,0.0,1.0,0.496,0.491
982,0.0,1.0,0.498,0.493
983,0.0,1.0,0.495,0.496
984,0.0,1.0,0.493,0.49
985,0.0,1.0,0.49,0.488
986,0.0,1.0,0.494,0.495
987,0.0,1.0,0.497,0.493
988,0.0,1.0,0.492,0.49
989,0.0,1.0,0.488,0.49
990,0.0,1.0,0.49,0.495
991,0.0,1.0,0.492,0.492
992,0.0,1.0,0.493,0.488
993,0.0,1.0,0.499,0.488
994,0.0,1.0,0.494,0.492
995,0.0,1.0,0.491,0.496
996,0.0,1.0,0.493,0.501
997,0.0,1.0,0.49,0.5
998,0.0,1.0,0.489,0.5
999,0.0,1.0,0.492,0.495
1000,0.0,1.0,0.492,0.498
1001,0.0,1.0,0.492,0.495
1002,0.0,1.0,0.492,0.491
1003,0.0,1.0,0.485,0.492
1004,0.0,1.0,0.484,0.488
1005,0.0,1.0,0.487,0.485
1006,0.0,1.0,0.493,0.479
1007,0.0,1.0,0.495,0.482
1008,0.0,1.0,0.493,0.484
1009,0.0,1.0,0.496,0.487
1010,0.0,1.0,0.497,0.489
1011,0.0,1.0,0.496,0.484
1012,0.0,1.0,0.492,0.486
1013,0.0,1.0,0.49,0.484
1014,0.0,1.0,0.498,0.482
1015,0.0,1.0,0.498,0.486
1016,0.0,1.0,0.498,0.49
1017,0.0,1.0,0.497,0.492
1018,0.0,1.0,0.496,0.495
1019,0.0,1.0,0.496,0.494
1020,0.0,1.0,0.502,0.494
1021,0.0,1.0,0.502,0.488
1022,0.0,1.0,0.503,0.488
1023,0.0,1.0,0.504,0.482
1024,0.0,1.0,0.505,0.491
1025,0.0,1.0,0.503,0.494
1026,0.0,1.0,0.5,0.501
1027,0.0,1.0,0.497,0.498
1028,0.0,1.0,0.503,0.501
1029,0.0,1.0,0.5,0.499
1030,0.0,1.0,0.502,0.498
1031,0.0,1.0,0.504,0.495
1032,0.0,1.0,0.503,0.495
1033,0.0,1.0,0.503,0.495
1034,0.0,1.0,0.501,0.492
1035,0.0,1.0,0.508,0.486
1036,0.0,1.0,0.506,0.483
1037,0.0,1.0,0.51,0.483
1038,0.0,1.0,0.504,0.491
1039,0.0,1.0,0.507,0.491
1040,0.0,1.0,0.503,0.497
1041,0.0,1.0,0.5,0.497
1042,0.0,1.0,0.493,0.491
1043,0.0,1.0,0.492,0.492
1044,0.0,1.0,0.489,0.491
1045,0.0,1.0,0.495,0.484
1046,0.0,1.0,0.496,0.487
1047,0.0,1.0,0.496,0.486
1048,0.0,1.0,0.495,0.492
1049,0.0,1.0,0.491,0.491
1050,0.0,1.0,0.494,0.492
1051,0.0,1.0,0.496,0.494
1052,0.0,1.0,0.498,0.496
1053,0.0,1.0,0.497,0.496
1054,0.0,1.0,0.492,0.495
1055,0.0,1.0,0.493,0.492
1056,0.0,1.0,0.495,0.492
1057,0.0,1.0,0.497,0.494
1058,0.0,1.0,0.503,0.495
1059,0.0,1.0,0.503,0.494
1060,0.0,1.0,0.503,0.488
1061,0.0,1.0,0.499,0.489
1062,0.0,1.0,0.499,0.497
1063,0.0,1.0,0.501,0.499
1064,0.0,1.0,0.5,0.507
1065,0.0,1.0,0.509,0.508
1066,0.0,1.0,0.507,0.506
1067,0.0,1.0,0.508,0.505
1068,0.0,1.0,0.506,0.505
1069,0.0,1.0,0.505,0.503
1070,0.0,1.0,0.506,0.509
1071,0.0,1.0,0.501,0.502
1072,0.0,1.0,0.496,0.494
1073,0.0,1.0,0.494,0.494
1074,0.0,1.0,0.495,0.488
1075,0.0,1.0,0.496,0.485
1076,0.0,1.0,0.503,0.488
1077,0.0,1.0,0.499,0.488
1078,0.0,1.0,0.502,0.482
1079,0.0,1.0,0.5,0.487
1080,0.0,1.0,0.495,0.492
1081,0.0,1.0,0.493,0.497
1082,0.0,1.0,0.493,0.501
1083,0.0,1.0,0.491,0.505
1084,0.0,1.0,0.485,0.503
1085,0.0,1.0,0.481,0.494
1086,0.0,1.0,0.48,0.488
1087,0.0,1.0,0.477,0.495
1088,0.0,1.0,0.481,0.494
1089,0.0,1.0,0.481,0.487
1090,0.0,1.0,0.486,0.49
1091,0.0,1.0,0.491,0.487
1092,0.0,1.0,0.491,0.488
1093,0.0,1.0,0.483,0.489
1094,0.0,1.0,0.489,0.49
1095,0.0,1.0,0.489,0.492
1096,0.0,1.0,0.493,0.497
1097,0.0,1.0,0.491,0.489
1098,0.0,1.0,0.491,0.488
1099,0.0,1.0,0.491,0.49
1100,0.0,1.0,0.495,0.484
1101,0.0,1.0,0.49,0.484
1102,0.0,1.0,0.492,0.489
1103,0.0,1.0,0.494,0.49
1104,0.0,1.0,0.494,0.489
1105,0.0,1.0,0.498,0.49
1106,0.0,1.0,0.501,0.487
1107,0.0,1.0,0.498,0.492
1108,0.0,1.0,0.497,0.49
1109,0.0,1.0,0.493,0.492
1110,0.0,1.0,0.493,0.496
1111,0.0,1.0,0.495,0.49
1112,0.0,1.0,0.493,0.488
1113,0.0,1.0,0.495,0.489
1114,0.0,1.0,0.493,0.488
1115,0.0,1.0,0.492,0.493
1116,0.0,1.0,0.495,0.494
1117,0.0,1.0,0.491,0.487
1118,0.0,1.0,0.493,0.491
1119,0.0,1.0,0.493,0.495
1120,0.0,1.0,0.492,0.496
1121,0.0,1.0,0.494,0.495
1122,0.0,1.0,0.49,0.495
1123,0.0,1.0,0.491,0.494
1124,0.0,1.0,0.49,0.493
1125,0.0,1.0,0.494,0.491
1126,0.0,1.0,0.495,0.493
1127,0.0,1.0,0.491,0.496
1128,0.0,1.0,0.483,0.5
1129,0.0,1.0,0.483,0.497
1130,0.0,1.0,0.49,0.494
1131,0.0,1.0,0.49,0.492
1132,0.0,1.0,0.493,0.492
1133,0.0,1.0,0.495,0.49
1134,0.0,1.0,0.489,0.497
1135,0.0,1.0,0.486,0.493
1136,0.0,1.0,0.486,0.493
1137,0.0,1.0,0.483,0.492
1138,0.0,1.0,0.485,0.489
1139,0.0,1.0,0.49,0.491
1140,0.0,1.0,0.496,0.494
1141,0.0,1.0,0.501,0.492
1142,0.0,1.0,0.499,0.49
1143,0.0,1.0,0.5,0.493
1144,0.0,1.0,0.505,0.494
1145,0.0,1.0,0.499,0.495
1146,0.0,1.0,0.5,0.497
1147,0.0,1.0,0.5,0.496
1148,0.0,1.0,0.498,0.495
1149,0.0,1.0,0.499,0.491
1150,0.0,1.0,0.501,0.492
1151,0.0,1.0,0.506,0.486
1152,0.0,1.0,0.507,0.488
1153,0.0,1.0,0.507,0.49
1154,0.0,1.0,0.508,0.489
1155,0.0,1.0,0.508,0.492
1156,0.0,1.0,0.509,0.49
1157,0.0,1.0,0.506,0.491
1158,0.0,1.0,0.505,0.493
1159,0.0,1.0,0.509,0.494
1160,0.0,1.0,0.507,0.497
1161,0.0,1.0,0.503,0.501
1162,0.0,1.0,0.501,0.502
1163,0.0,1.0,0.497,0.504
1164,0.0,1.0,0.495,0.509
1165,0.0,1.0,0.496,0.505
1166,0.0,1.0,0.495,0.5
1167,0.0,1.0,0.502,0.496
1168,0.0,1.0,0.503,0.502
1169,0.0,1.0,0.499,0.494
1170,0.0,1.0,0.499,0.497
1171,0.0,1.0,0.498,0.495
1172,0.0,1.0,0.501,0.496
1173,0.0,1.0,0.496,0.495
1174,0.0,1.0,0.495,0.5
1175,0.0,1.0,0.498,0.501
1176,0.0,1.0,0.495,0.498
1177,0.0,1.0,0.487,0.499
1178,0.0,1.0,0.492,0.504
1179,0.0,1.0,0.496,0.503
1180,0.0,1.0,0.499,0.502
1181,0.0,1.0,0.498,0.498
1182,0.0,1.0,0.503,0.5
1183,0.0,1.0,0.506,0.498
1184,0.0,1.0,0.507,0.491
1185,0.0,1.0,0.503,0.491
1186,0.0,1.0,0.501,0.491
1187,0.0,1.0,0.5,0.486
1188,0.0,1.0,0.494,0.488
1189,0.0,1.0,0.497,0.497
1190,0.0,1.0,0.495,0.501
1191,0.0,1.0,0.493,0.499
1192,0.0,1.0,0.499,0.5
1193,0.0,1.0,0.5,0.495
1194,0.0,1.0,0.498,0.495
1195,0.0,1.0,0.498,0.494
1196,0.0,1.0,0.497,0.491
1197,0.0,1.0,0.496,0.494
1198,0.0,1.0,0.503,0.493
1199,0.0,1.0,0.501,0.494
1200,0.0,1.0,0.504,0.498
1201,0.0,1.0,0.498,0.496
1202,0.0,1.0,0.5,0.491
1203,0.0,1.0,0.5,0.497
1204,0.0,1.0,0.502,0.496
1205,0.0,1.0,0.503,0.493
1206,0.0,1.0,0.501,0.492
1207,0.0,1.0,0.499,0.489
1208,0.0,1.0,0.495,0.489
1209,0.0,1.0,0.495,0.489
1210,0.0,1.0,0.502,0.493
1211,0.0,1.0,0.506,0.497
1212,0.0,1.0,0.508,0.492
1213,0.0,1.0,0.506,0.499
1214,0.0,1.0,0.507,0.498
1215,0.0,1.0,0.504,0.497
1216,0.0,1.0,0.504,0.49
1217,0.0,1.0,0.5,0.482
1218,0.0,1.0,0.505,0.485
1219,0.0,1.0,0.501,0.488
1220,0.0,1.0,0.501,0.486
1221,0.0,1.0,0.503,0.487
1222,0.0,1.0,0.506,0.484
1223,0.0,1.0,0.512,0.48
1224,0.0,1.0,0.513,0.487
1225,0.0,1.0,0.511,0.486
1226,0.0,1.0,0.508,0.489
1227,0.0,1.0,0.507,0.492
1228,0.0,1.0,0.506,0.49
1229,0.0,1.0,0.497,0.493
1230,0.0,1.0,0.497,0.499
1231,0.0,1.0,0.494,0.499
1232,0.0,1.0,0.492,0.503
1233,0.0,1.0,0.491,0.498
1234,0.0,1.0,0.489,0.498
1235,0.0,1.0,0.487,0.5
1236,0.0,1.0,0.493,0.499
1237,0.0,1.0,0.49,0.496
1238,0.0,1.0,0.487,0.497
1239,0.0,1.0,0.487,0.491
1240,0.0,1.0,0.485,0.492
1241,0.0,1.0,0.48,0.493
1242,0.0,1.0,0.471,0.495
1243,0.0,1.0,0.472,0.497
1244,0.0,1.0,0.474,0.499
1245,0.0,1.0,0.472,0.497
1246,0.0,1.0,0.477,0.494
1247,0.0,1.0,0.486,0.495
1248,0.0,1.0,0.479,0.491
1249,0.0,1.0,0.476,0.491
1250,0.0,1.0,0.483,0.491
1251,0.0,1.0,0.487,0.5
1252,0.0,1.0,0.484,0.498
1253,0.0,1.0,0.484,0.499
1254,0.0,1.0,0.484,0.496
1255,0.0,1.0,0.487,0.5
1256,0.0,1.0,0.486,0.5
1257,0.0,1.0,0.488,0.496
1258,0.0,1.0,0.487,0.495
1259,0.0,1.0,0.484,0.496
1260,0.0,1.0,0.484,0.496
1261,0.0,1.0,0.482,0.496
1262,0.0,1.0,0.487,0.49
1263,0.0,1.0,0.492,0.488
1264,0.0,1.0,0.492,0.487
1265,0.0,1.0,0.489,0.484
1266,0.0,1.0,0.489,0.478
1267,0.0,1.0,0.488,0.481
1268,0.0,1.0,0.48,0.484
1269,0.0,1.0,0.476,0.48
1270,0.0,1.0,0.478,0.48
1271,0.0,1.0,0.48,0.485
1272,0.0,1.0,0.479,0.486
1273,0.0,1.0,0.479,0.486
1274,0.0,1.0,0.481,0.49
1275,0.0,1.0,0.484,0.492
1276,0.0,1.0,0.486,0.495
1277,0.0,1.0,0.489,0.497
1278,0.0,1.0,0.493,0.493
1279,0.0,1.0,0.488,0.496
1280,0.0,1.0,0.489,0.498
1281,0.0,1.0,0.491,0.498
1282,0.0,1.0,0.492,0.495
1283,0.0,1.0,0.488,0.497
1284,0.0,1.0,0.481,0.497
1285,0.0,1.0,0.484,0.503
1286,0.0,1.0,0.491,0.5
1287,0.0,1.0,0.485,0.496
1288,0.0,1.0,0.487,0.497
1289,0.0,1.0,0.492,0.498
1290,0.0,1.0,0.49,0.493
1291,0.0,1.0,0.495,0.493
1292,0.0,1.0,0.499,0.494
1293,0.0,1.0,0.501,0.489
1294,0.0,1.0,0.498,0.487
1295,0.0,1.0,0.503,0.483
1296,0.0,1.0,0.499,0.485
1297,0.0,1.0,0.494,0.486
1298,0.0,1.0,0.494,0.488
1299,0.0,1.0,0.491,0.483
1300,0.0,1.0,0.493,0.485
1301,0.0,1.0,0.495,0.485
1302,0.0,1.0,0.497,0.492
1303,0.0,1.0,0.489,0.496
1304,0.0,1.0,0.489,0.494
1305,0.0,1.0,0.49,0.496
1306,0.0,1.0,0.495,0.501
1307,0.0,1.0,0.5,0.499
1308,0.0,1.0,0.503,0.498
1309,0.0,1.0,0.505,0.495
1310,0.0,1.0,0.507,0.495
1311,0.0,1.0,0.503,0.494
1312,0.0,1.0,0.498,0.489
1313,0.0,1.0,0.501,0.492
1314,0.0,1.0,0.5,0.494
1315,0.0,1.0,0.495,0.495
1316,0.0,1.0,0.495,0.501
1317,0.0,1.0,0.493,0.501
1318,0.0,1.0,0.494,0.496
1319,0.0,1.0,0.492,0.496
1320,0.0,1.0,0.495,0.496
1321,0.0,1.0,0.497,0.493
1322,0.0,1.0,0.491,0.493
1323,0.0,1.0,0.492,0.491
1324,0.0,1.0,0.491,0.495
1325,0.0,1.0,0.485,0.501
1326,0.0,1.0,0.489,0.501
1327,0.0,1.0,0.495,0.503
1328,0.0,1.0,0.498,0.502
1329,0.0,1.0,0.501,0.506
1330,0.0,1.0,0.494,0.508
1331,0.0,1.0,0.491,0.509
1332,0.0,1.0,0.5,0.51
1333,0.0,1.0,0.501,0.509
1334,0.0,1.0,0.504,0.503
1335,0.0,1.0,0.502,0.505
1336,0.0,1.0,0.502,0.505
1337,0.0,1.0,0.505,0.501
1338,0.0,1.0,0.509,0.499
1339,0.0,1.0,0.506,0.499
1340,0.0,1.0,0.503,0.497
1341,0.0,1.0,0.498,0.493
1342,0.0,1.0,0.495,0.495
1343,0.0,1.0,0.496,0.495
1344,0.0,1.0,0.496,0.501
1345,0.0,1.0,0.5,0.503
1346,0.0,1.0,0.499,0.504
1347,0.0,1.0,0.501,0.504
1348,0.0,1.0,0.497,0.499
1349,0.0,1.0,0.495,0.504
1350,0.0,1.0,0.497,0.503
1351,0.0,1.0,0.502,0.502
1352,0.0,1.0,0.5,0.494
1353,0.0,1.0,0.501,0.492
1354,0.0,1.0,0.498,0.496
1355,0.0,1.0,0.494,0.504
1356,0.0,1.0,0.498,0.506
1357,0.0,1.0,0.496,0.504
1358,0.0,1.0,0.496,0.497
1359,0.0,1.0,0.492,0.492
1360,0.0,1.0,0.487,0.495
1361,0.0,1.0,0.49,0.501
1362,0.0,1.0,0.49,0.502
1363,0.0,1.0,0.487,0.504
1364,0.0,1.0,0.494,0.501
1365,0.0,1.0,0.491,0.5
1366,0.0,1.0,0.491,0.498
1367,0.0,1.0,0.49,0.498
1368,0.0,1.0,0.492,0.501
1369,0.0,1.0,0.49,0.503
1370,0.0,1.0,0.493,0.5
1371,0.0,1.0,0.492,0.498
1372,0.0,1.0,0.492,0.5
1373,0.0,1.0,0.491,0.502
1374,0.0,1.0,0.492,0.503
1375,0.0,1.0,0.493,0.497
1376,0.0,1.0,0.492,0.496
1377,0.0,1.0,0.489,0.495
1378,0.0,1.0,0.484,0.496
1379,0.0,1.0,0.482,0.496
1380,0.0,1.0,0.486,0.5
1381,0.0,1.0,0.483,0.5
1382,0.0,1.0,0.49,0.497
1383,0.0,1.0,0.491,0.502
1384,0.0,1.0,0.491,0.492
1385,0.0,1.0,0.497,0.492
1386,0.0,1.0,0.495,0.488
1387,0.0,1.0,0.496,0.49
1388,0.0,1.0,0.498,0.488
1389,0.0,1.0,0.496,0.491
1390,0.0,1.0,0.492,0.49
1391,0.0,1.0,0.49,0.486
1392,0.0,1.0,0.495,0.488
1393,0.0,1.0,0.496,0.485
1394,0.0,1.0,0.491,0.488
1395,0.0,1.0,0.488,0.488
1396,0.0,1.0,0.489,0.486
1397,0.0,1.0,0.489,0.493
1398,0.0,1.0,0.495,0.492
1399,0.0,1.0,0.502,0.487
1400,0.0,1.0,0.501,0.492
1401,0.0,1.0,0.499,0.49
1402,0.0,1.0,0.499,0.488
1403,0.0,1.0,0.496,0.49
1404,0.0,1.0,0.497,0.487
1405,0.0,1.0,0.497,0.49
1406,0.0,1.0,0.5,0.487
1407,0.0,1.0,0.499,0.487
1408,0.0,1.0,0.499,0.488
1409,0.0,1.0,0.494,0.484
1410,0.0,1.0,0.491,0.49
1411,0.0,1.0,0.494,0.488
1412,0.0,1.0,0.492,0.49
1413,0.0,1.0,0.489,0.495
1414,0.0,1.0,0.488,0.492
1415,0.0,1.0,0.486,0.492
1416,0.0,1.0,0.483,0.498
1417,0.0,1.0,0.486,0.5
1418,0.0,1.0,0.489,0.497
1419,0.0,1.0,0.487,0.496
1420,0.0,1.0,0.491,0.498
1421,0.0,1.0,0.489,0.502
1422,0.0,1.0,0.49,0.503
1423,0.0,1.0,0.485,0.5
1424,0.0,1.0,0.485,0.5
1425,0.0,1.0,0.481,0.5
1426,0.0,1.0,0.484,0.506
1427,0.0,1.0,0.484,0.504
1428,0.0,1.0,0.48,0.501
1429,0.0,1.0,0.483,0.492
1430,0.0,1.0,0.483,0.484
1431,0.0,1.0,0.486,0.483
1432,0.0,1.0,0.485,0.487
1433,0.0,1.0,0.484,0.489
1434,0.0,1.0,0.489,0.494
1435,0.0,1.0,0.494,0.49
1436,0.0,1.0,0.497,0.492
1437,0.0,1.0,0.499,0.491
1438,0.0,1.0,0.498,0.488
1439,0.0,1.0,0.489,0.49
1440,0.0,1.0,0.485,0.49
1441,0.0,1.0,0.484,0.494
1442,0.0,1.0,0.481,0.489
1443,0.0,1.0,0.479,0.489
1444,0.0,1.0,0.479,0.484
1445,0.0,1.0,0.486,0.484
1446,0.0,1.0,0.483,0.483
1447,0.0,1.0,0.488,0.484
1448,0.0,1.0,0.489,0.489
1449,0.0,1.0,0.488,0.489
1450,0.0,1.0,0.487,0.492
1451,0.0,1.0,0.486,0.493
1452,0.0,1.0,0.488,0.496
1453,0.0,1.0,0.491,0.493
1454,0.0,1.0,0.494,0.488
1455,0.0,1.0,0.495,0.484
1456,0.0,1.0,0.493,0.487
1457,0.0,1.0,0.489,0.485
1458,0.0,1.0,0.49,0.484
1459,0.0,1.0,0.494,0.481
1460,0.0,1.0,0.496,0.484
1461,0.0,1.0,0.499,0.486
1462,0.0,1.0,0.502,0.485
1463,0.0,1.0,0.503,0.489
1464,0.0,1.0,0.503,0.493
1465,0.0,1.0,0.508,0.495
1466,0.0,1.0,0.503,0.503
1467,0.0,1.0,0.501,0.499
1468,0.0,1.0,0.501,0.5
1469,0.0,1.0,0.5,0.503
1470,0.0,1.0,0.497,0.5
1471,0.0,1.0,0.494,0.5
1472,0.0,1.0,0.49,0.499
1473,0.0,1.0,0.49,0.494
1474,0.0,1.0,0.496,0.495
1475,0.0,1.0,0.493,0.498
1476,0.0,1.0,0.492,0.491
1477,0.0,1.0,0.491,0.492
1478,0.0,1.0,0.496,0.49
1479,0.0,1.0,0.499,0.492
1480,0.0,1.0,0.499,0.487
1481,0.0,1.0,0.5,0.49
1482,0.0,1.0,0.504,0.492
1483,0.0,1.0,0.505,0.493
1484,0.0,1.0,0.504,0.493
1485,0.0,1.0,0.498,0.498
1486,0.0,1.0,0.494,0.498
1487,0.0,1.0,0.496,0.497
1488,0.0,1.0,0.5,0.488
1489,0.0,1.0,0.502,0.486
1490,0.0,1.0,0.498,0.486
1491,0.0,1.0,0.497,0.487
1492,0.0,1.0,0.49,0.481
1493,0.0,1.0,0.49,0.475
1494,0.0,1.0,0.487,0.48
1495,0.0,1.0,0.485,0.482
1496,0.0,1.0,0.493,0.482
1497,0.0,1.0,0.493,0.482
1498,0.0,1.0,0.493,0.485
1499,0.0,1.0,0.495,0.486
1500,0.0,1.0,0.498,0.483
1501,0.0,1.0,0.501,0.486
1502,0.0,1.0,0.501,0.492
1503,0.0,1.0,0.498,0.492
1504,0.0,1.0,0.494,0.492
1505,0.0,1.0,0.491,0.493
1506,0.0,1.0,0.492,0.493
1507,0.0,1.0,0.495,0.487
1508,0.0,1.0,0.495,0.487
1509,0.0,1.0,0.494,0.488
1510,0.0,1.0,0.492,0.482
1511,0.0,1.0,0.489,0.486
1512,0.0,1.0,0.485,0.49
1513,0.0,1.0,0.487,0.484
1514,0.0,1.0,0.481,0.483
1515,0.0,1.0,0.481,0.485
1516,0.0,1.0,0.482,0.481
1517,0.0,1.0,0.484,0.484
1518,0.0,1.0,0.485,0.484
1519,0.0,1.0,0.483,0.484
1520,0.0,1.0,0.482,0.484
1521,0.0,1.0,0.483,0.482
1522,0.0,1.0,0.48,0.485
1523,0.0,1.0,0.485,0.488
1524,0.0,1.0,0.491,0.484
1525,0.0,1.0,0.493,0.484
1526,0.0,1.0,0.489,0.489
1527,0.0,1.0,0.486,0.49
1528,0.0,1.0,0.488,0.496
1529,0.0,1.0,0.493,0.491
1530,0.0,1.0,0.493,0.494
1531,0.0,1.0,0.492,0.49
1532,0.0,1.0,0.494,0.489
1533,0.0,1.0,0.493,0.489
1534,0.0,1.0,0.492,0.484
1535,0.0,1.0,0.493,0.488
1536,0.0,1.0,0.486,0.49
1537,0.0,1.0,0.491,0.495
1538,0.0,1.0,0.495,0.497
1539,0.0,1.0,0.492,0.493
1540,0.0,1.0,0.493,0.499
1541,0.0,1.0,0.497,0.497
1542,0.0,1.0,0.499,0.505
1543,0.0,1.0,0.505,0.498
1544,0.0,1.0,0.503,0.494
1545,0.0,1.0,0.5,0.498
1546,0.0,1.0,0.497,0.499
1547,0.0,1.0,0.5,0.5
1548,0.0,1.0,0.496,0.504
1549,0.0,1.0,0.495,0.498
1550,0.0,1.0,0.497,0.491
1551,0.0,1.0,0.497,0.488
1552,0.0,1.0,0.5,0.495
1553,0.0,1.0,0.495,0.492
1554,0.0,1.0,0.494,0.496
1555,0.0,1.0,0.491,0.5
1556,0.0,1.0,0.494,0.502
1557,0.0,1.0,0.495,0.502
1558,0.0,1.0,0.489,0.503
1559,0.0,1.0,0.494,0.502
1560,0.0,1.0,0.494,0.506
1561,0.001,1.0,0.496,0.503
1562,0.001,1.0,0.496,0.499
1563,0.001,1.0,0.499,0.497
1564,0.001,1.0,0.499,0.495
1565,0.001,1.0,0.499,0.495
1566,0.001,1.0,0.504,0.495
1567,0.001,1.0,0.506,0.497
1568,0.001,1.0,0.504,0.494
1569,0.001,1.0,0.499,0.499
1570,0.001,1.0,0.494,0.494
1571,0.001,1.0,0.49,0.496
1572,0.001,1.0,0.499,0.494
1573,0.001,1.0,0.498,0.497
1574,0.001,1.0,0.5,0.488
1575,0.001,1.0,0.496,0.487
1576,0.001,1.0,0.497,0.484
1577,0.001,1.0,0.495,0.488
1578,0.001,1.0,0.494,0.493
1579,0.001,1.0,0.491,0.493
1580,0.001,1.0,0.486,0.493
1581,0.001,1.0,0.486,0.497
1582,0.001,1.0,0.49,0.497
1583,0.001,1.0,0.49,0.498
1584,0.001,1.0,0.493,0.494
1585,0.001,1.0,0.489,0.495
1586,0.001,1.0,0.491,0.489
1587,0.001,1.0,0.496,0.495
1588,0.001,1.0,0.499,0.493
1589,0.001,1.0,0.498,0.493
1590,0.001,1.0,0.502,0.495
1591,0.001,1.0,0.504,0.493
1592,0.001,1.0,0.506,0.492
1593,0.001,1.0,0.505,0.492
1594,0.001,1.0,0.505,0.485
1595,0.001,1.0,0.505,0.489
1596,0.001,1.0,0.503,0.487
1597,0.001,1.0,0.504,0.486
1598,0.001,1.0,0.51,0.485
1599,0.001,1.0,0.507,0.491
1600,0.001,1.0,0.508,0.491
1601,0.001,1.0,0.504,0.492
1602,0.001,1.0,0.506,0.493
1603,0.001,1.0,0.5,0.49
1604,0.001,1.0,0.501,0.487
1605,0.001,1.0,0.501,0.488
1606,0.001,1.0,0.501,0.489
1607,0.001,1.0,0.501,0.495
1608,0.001,1.0,0.497,0.497
1609,0.001,1.0,0.496,0.495
1610,0.001,1.0,0.5,0.498
1611,0.001,1.0,0.498,0.5
1612,0.001,1.0,0.497,0.496
1613,0.001,1.0,0.499,0.498
1614,0.001,1.0,0.497,0.503
1615,0.001,1.0,0.491,0.503
1616,0.001,1.0,0.488,0.505
1617,0.001,1.0,0.486,0.502
1618,0.001,1.0,0.488,0.503
1619,0.001,1.0,0.494,0.501
1620,0.0,1.0,0.493,0.506
1621,0.0,1.0,0.494,0.501
1622,0.0,1.0,0.493,0.499
1623,0.0,1.0,0.488,0.5
1624,0.0,1.0,0.483,0.498
1625,0.0,1.0,0.484,0.502
1626,0.0,1.0,0.486,0.496
1627,0.0,1.0,0.488,0.499
1628,0.0,1.0,0.486,0.497
1629,0.0,1.0,0.491,0.493
1630,0.0,1.0,0.49,0.497
1631,0.0,1.0,0.494,0.493
1632,0.0,1.0,0.495,0.494
1633,0.0,1.0,0.488,0.492
1634,0.0,1.0,0.488,0.492
1635,0.0,1.0,0.485,0.488
1636,0.0,1.0,0.485,0.489
1637,0.0,1.0,0.488,0.49
1638,0.0,1.0,0.482,0.486
1639,0.0,1.0,0.479,0.487
1640,0.0,1.0,0.477,0.492
1641,0.0,1.0,0.479,0.494
1642,0.0,1.0,0.48,0.49
1643,0.0,1.0,0.486,0.489
1644,0.0,1.0,0.487,0.493
1645,0.0,1.0,0.488,0.495
1646,0.0,1.0,0.489,0.496
1647,0.0,1.0,0.493,0.498
1648,0.0,1.0,0.489,0.501
1649,0.0,1.0,0.489,0.502
1650,0.0,1.0,0.49,0.501
1651,0.0,1.0,0.491,0.502
1652,0.0,1.0,0.484,0.502
1653,0.0,1.0,0.483,0.5
1654,0.0,1.0,0.489,0.501
1655,0.0,1.0,0.49,0.497
1656,0.0,1.0,0.492,0.496
1657,0.0,1.0,0.485,0.497
1658,0.0,1.0,0.481,0.503
1659,0.0,1.0,0.484,0.503
1660,0.0,1.0,0.486,0.503
1661,0.0,1.0,0.484,0.498
1662,0.0,1.0,0.488,0.504
1663,0.0,1.0,0.484,0.498
1664,0.0,1.0,0.483,0.494
1665,0.0,1.0,0.482,0.495
1666,0.0,1.0,0.484,0.494
1667,0.0,1.0,0.487,0.495
1668,0.0,1.0,0.49,0.499
1669,0.0,1.0,0.491,0.502
1670,0.0,1.0,0.488,0.502
1671,0.0,1.0,0.484,0.506
1672,0.0,1.0,0.486,0.504
1673,0.0,1.0,0.486,0.506
1674,0.0,1.0,0.486,0.504
1675,0.0,1.0,0.484,0.504
1676,0.0,1.0,0.482,0.501
1677,0.0,1.0,0.48,0.508
1678,0.0,1.0,0.48,0.504
1679,0.0,1.0,0.488,0.502
1680,0.0,1.0,0.488,0.503
1681,0.0,1.0,0.49,0.502
1682,0.0,1.0,0.489,0.498
1683,0.0,1.0,0.481,0.491
1684,0.0,1.0,0.482,0.482
1685,0.0,1.0,0.482,0.484
1686,0.0,1.0,0.485,0.487
1687,0.0,1.0,0.487,0.486
1688,0.0,1.0,0.486,0.486
1689,0.0,1.0,0.488,0.488
1690,0.0,1.0,0.485,0.489
1691,0.0,1.0,0.482,0.493
1692,0.0,1.0,0.486,0.495
1693,0.0,1.0,0.48,0.497
1694,0.0,1.0,0.482,0.497
1695,0.0,1.0,0.487,0.499
1696,0.0,1.0,0.487,0.496
1697,0.0,1.0,0.484,0.5
1698,0.0,1.0,0.485,0.5
1699,0.0,1.0,0.484,0.496
1700,0.0,1.0,0.486,0.492
1701,0.0,1.0,0.485,0.491
1702,0.0,1.0,0.481,0.496
1703,0.0,1.0,0.486,0.501
1704,0.0,1.0,0.489,0.5
1705,0.0,1.0,0.487,0.499
1706,0.0,1.0,0.488,0.498
1707,0.0,1.0,0.486,0.502
1708,0.0,1.0,0.486,0.504
1709,0.0,1.0,0.486,0.503
1710,0.0,1.0,0.485,0.502
1711,0.0,1.0,0.484,0.503
1712,0.0,1.0,0.48,0.501
1713,0.0,1.0,0.479,0.501
1714,0.0,1.0,0.484,0.504
1715,0.0,1.0,0.488,0.5
1716,0.0,1.0,0.487,0.501
1717,0.0,1.0,0.488,0.505
1718,0.0,1.0,0.484,0.51
1719,0.0,1.0,0.487,0.509
1720,0.0,1.0,0.489,0.506
1721,0.0,1.0,0.485,0.507
1722,0.0,1.0,0.489,0.507
1723,0.001,1.0,0.49,0.508
1724,0.001,1.0,0.493,0.506
1725,0.001,1.0,0.495,0.5
1726,0.001,1.0,0.494,0.496
1727,0.001,1.0,0.497,0.5
1728,0.001,1.0,0.496,0.501
1729,0.001,1.0,0.494,0.499
1730,0.001,1.0,0.496,0.497
1731,0.001,1.0,0.495,0.499
1732,0.001,1.0,0.492,0.494
1733,0.001,1.0,0.491,0.495
1734,0.001,1.0,0.494,0.493
1735,0.001,1.0,0.495,0.496
1736,0.001,1.0,0.493,0.492
1737,0.001,1.0,0.5,0.491
1738,0.001,1.0,0.501,0.488
1739,0.001,1.0,0.496,0.488
1740,0.001,1.0,0.504,0.488
1741,0.001,1.0,0.505,0.487
1742,0.001,1.0,0.507,0.491
1743,0.001,1.0,0.504,0.49
1744,0.001,1.0,0.503,0.493
1745,0.001,1.0,0.498,0.488
1746,0.001,1.0,0.492,0.488
1747,0.001,1.0,0.493,0.485
1748,0.001,1.0,0.489,0.494
1749,0.001,1.0,0.49,0.49
1750,0.0,1.0,0.495,0.492
1751,0.0,1.0,0.493,0.491
1752,0.0,1.0,0.493,0.497
1753,0.0,1.0,0.494,0.494
1754,0.0,1.0,0.5,0.491
1755,0.0,1.0,0.501,0.491
1756,0.0,1.0,0.503,0.493
1757,0.0,1.0,0.507,0.487
1758,0.0,1.0,0.504,0.486
1759,0.0,1.0,0.503,0.478
1760,0.0,1.0,0.501,0.484
1761,0.0,1.0,0.503,0.482
1762,0.0,1.0,0.508,0.488
1763,0.0,1.0,0.511,0.492
1764,0.0,1.0,0.504,0.492
1765,0.0,1.0,0.508,0.499
1766,0.0,1.0,0.504,0.494
1767,0.0,1.0,0.505,0.493
1768,0.0,1.0,0.503,0.492
1769,0.0,1.0,0.5,0.488
1770,0.0,1.0,0.505,0.485
1771,0.0,1.0,0.5,0.487
1772,0.0,1.0,0.502,0.49
1773,0.0,1.0,0.503,0.489
1774,0.0,1.0,0.498,0.49
1775,0.0,1.0,0.491,0.498
1776,0.0,1.0,0.491,0.498
1777,0.0,1.0,0.495,0.496
1778,0.0,1.0,0.498,0.498
1779,0.0,1.0,0.496,0.5
1780,0.0,1.0,0.493,0.49
1781,0.0,1.0,0.505,0.49
1782,0.0,1.0,0.505,0.488
1783,0.0,1.0,0.506,0.492
1784,0.0,1.0,0.498,0.495
1785,0.0,1.0,0.5,0.496
1786,0.0,1.0,0.499,0.501
1787,0.0,1.0,0.498,0.501
1788,0.0,1.0,0.497,0.505
1789,0.0,1.0,0.499,0.502
1790,0.0,1.0,0.502,0.5
1791,0.0,1.0,0.496,0.497
1792,0.0,1.0,0.494,0.491
1793,0.0,1.0,0.494,0.493
1794,0.0,1.0,0.497,0.495
1795,0.0,1.0,0.493,0.495
1796,0.0,1.0,0.494,0.496
1797,0.0,1.0,0.495,0.492
1798,0.0,1.0,0.495,0.49
1799,0.0,1.0,0.492,0.49
1800,0.0,1.0,0.494,0.49
1801,0.0,1.0,0.494,0.485
1802,0.0,1.0,0.495,0.488
1803,0.0,1.0,0.492,0.494
1804,0.0,1.0,0.491,0.49
1805,0.0,1.0,0.486,0.488
1806,0.0,1.0,0.489,0.487
1807,0.0,1.0,0.499,0.49
1808,0.0,1.0,0.501,0.49
1809,0.0,1.0,0.501,0.485
1810,0.0,1.0,0.497,0.484
1811,0.0,1.0,0.504,0.489
1812,0.0,1.0,0.499,0.482
1813,0.0,1.0,0.496,0.484
1814,0.0,1.0,0.492,0.489
1815,0.0,1.0,0.489,0.491
1816,0.0,1.0,0.491,0.497
1817,0.0,1.0,0.491,0.504
1818,0.0,1.0,0.489,0.501
1819,0.0,1.0,0.491,0.5
1820,0.0,1.0,0.487,0.496
1821,0.0,1.0,0.495,0.491
1822,0.0,1.0,0.5,0.486
1823,0.0,1.0,0.497,0.486
1824,0.0,1.0,0.498,0.492
1825,0.0,1.0,0.498,0.495
1826,0.0,1.0,0.495,0.49
1827,0.0,1.0,0.492,0.491
1828,0.0,1.0,0.492,0.49
1829,0.0,1.0,0.489,0.484
1830,0.0,1.0,0.491,0.489
1831,0.0,1.0,0.488,0.486
1832,0.0,1.0,0.492,0.49
1833,0.0,1.0,0.495,0.491
1834,0.0,1.0,0.497,0.495
1835,0.0,1.0,0.497,0.494
1836,0.0,1.0,0.502,0.492
1837,0.0,1.0,0.508,0.497
1838,0.0,1.0,0.503,0.494
1839,0.0,1.0,0.503,0.495
1840,0.0,1.0,0.502,0.493
1841,0.0,1.0,0.493,0.493
1842,0.0,1.0,0.496,0.494
1843,0.0,1.0,0.494,0.493
1844,0.0,1.0,0.494,0.495
1845,0.0,1.0,0.494,0.493
1846,0.0,1.0,0.488,0.496
1847,0.0,1.0,0.492,0.5
1848,0.0,1.0,0.489,0.498
1849,0.0,1.0,0.494,0.499
1850,0.0,1.0,0.498,0.495
1851,0.0,1.0,0.499,0.496
1852,0.0,1.0,0.497,0.499
1853,0.0,1.0,0.5,0.5
1854,0.0,1.0,0.502,0.501
1855,0.0,1.0,0.502,0.495
1856,0.0,1.0,0.505,0.495
1857,0.0,1.0,0.508,0.494
1858,0.0,1.0,0.504,0.493
1859,0.0,1.0,0.498,0.492
1860,0.0,1.0,0.501,0.49
1861,0.0,1.0,0.499,0.491
1862,0.0,1.0,0.5,0.493
1863,0.0,1.0,0.504,0.493
1864,0.0,1.0,0.504,0.495
1865,0.0,1.0,0.499,0.496
1866,0.0,1.0,0.501,0.496
1867,0.0,1.0,0.506,0.498
1868,0.0,1.0,0.505,0.496
1869,0.0,1.0,0.5,0.498
1870,0.0,1.0,0.498,0.501
1871,0.0,1.0,0.496,0.504
1872,0.0,1.0,0.496,0.503
1873,0.0,1.0,0.501,0.498
1874,0.0,1.0,0.501,0.497
1875,0.0,1.0,0.496,0.501
1876,0.0,1.0,0.496,0.503
1877,0.0,1.0,0.491,0.504
1878,0.0,1.0,0.492,0.507
1879,0.0,1.0,0.492,0.504
1880,0.0,1.0,0.494,0.497
1881,0.0,1.0,0.493,0.495
1882,0.0,1.0,0.493,0.498
1883,0.0,1.0,0.496,0.489
1884,0.0,1.0,0.495,0.492
1885,0.0,1.0,0.497,0.488
1886,0.0,1.0,0.495,0.487
1887,0.0,1.0,0.493,0.483
1888,0.0,1.0,0.494,0.481
1889,0.0,1.0,0.491,0.483
1890,0.0,1.0,0.498,0.481
1891,0.0,1.0,0.499,0.48
1892,0.0,1.0,0.504,0.48
1893,0.0,1.0,0.502,0.48
1894,0.0,1.0,0.503,0.481
1895,0.0,1.0,0.504,0.484
1896,0.0,1.0,0.502,0.482
1897,0.0,1.0,0.496,0.485
1898,0.0,1.0,0.491,0.485
1899,0.0,1.0,0.494,0.483
1900,0.0,1.0,0.493,0.487
1901,0.0,1.0,0.496,0.485
1902,0.0,1.0,0.497,0.488
1903,0.0,1.0,0.496,0.493
1904,0.0,1.0,0.496,0.492
1905,0.0,1.0,0.491,0.488
1906,0.0,1.0,0.495,0.489
1907,0.0,1.0,0.492,0.488
1908,0.0,1.0,0.493,0.485
1909,0.0,1.0,0.499,0.479
1910,0.0,1.0,0.501,0.478
1911,0.0,1.0,0.505,0.48
1912,0.0,1.0,0.502,0.485
1913,0.0,1.0,0.501,0.488
1914,0.0,1.0,0.501,0.486
1915,0.0,1.0,0.505,0.487
1916,0.0,1.0,0.506,0.485
1917,0.0,1.0,0.506,0.485
1918,0.0,1.0,0.506,0.485
1919,0.0,1.0,0.506,0.487
1920,0.0,1.0,0.504,0.491
1921,0.0,1.0,0.498,0.493
1922,0.0,1.0,0.498,0.487
1923,0.0,1.0,0.5,0.484
1924,0.0,1.0,0.496,0.49
1925,0.0,1.0,0.49,0.491
1926,0.0,1.0,0.49,0.491
1927,0.0,1.0,0.496,0.496
1928,0.0,1.0,0.493,0.499
1929,0.0,1.0,0.495,0.498
1930,0.0,1.0,0.497,0.502
1931,0.0,1.0,0.501,0.501
1932,0.0,1.0,0.501,0.502
1933,0.0,1.0,0.493,0.499
1934,0.0,1.0,0.489,0.491
1935,0.0,1.0,0.486,0.493
1936,0.0,1.0,0.486,0.499
1937,0.0,1.0,0.486,0.501
1938,0.0,1.0,0.485,0.497
1939,0.0,1.0,0.49,0.497
1940,0.0,1.0,0.489,0.501
1941,0.0,1.0,0.49,0.504
1942,0.0,1.0,0.491,0.505
1943,0.0,1.0,0.489,0.506
1944,0.0,1.0,0.489,0.509
1945,0.0,1.0,0.493,0.505
1946,0.0,1.0,0.494,0.501
1947,0.0,1.0,0.492,0.496
1948,0.0,1.0,0.49,0.499
1949,0.0,1.0,0.49,0.505
1950,0.0,1.0,0.49,0.5
1951,0.0,1.0,0.493,0.498
1952,0.0,1.0,0.497,0.499
1953,0.0,1.0,0.493,0.493
1954,0.0,1.0,0.495,0.491
1955,0.0,1.0,0.495,0.493
1956,0.0,1.0,0.494,0.489
1957,0.0,1.0,0.492,0.49
1958,0.0,1.0,0.493,0.488
1959,0.0,1.0,0.495,0.487
1960,0.0,1.0,0.493,0.491
1961,0.0,1.0,0.493,0.49
1962,0.0,1.0,0.496,0.494
1963,0.0,1.0,0.487,0.496
1964,0.0,1.0,0.487,0.496
1965,0.0,1.0,0.497,0.494
1966,0.0,1.0,0.493,0.493
1967,0.0,1.0,0.492,0.492
1968,0.0,1.0,0.489,0.494
1969,0.0,1.0,0.486,0.493
1970,0.0,1.0,0.495,0.497
1971,0.0,1.0,0.496,0.499
1972,0.0,1.0,0.503,0.504
1973,0.0,1.0,0.5,0.507
1974,0.0,1.0,0.498,0.509
1975,0.0,1.0,0.495,0.505
1976,0.0,1.0,0.494,0.505
1977,0.0,1.0,0.5,0.502
1978,0.0,1.0,0.5,0.498
1979,0.0,1.0,0.498,0.503
1980,0.0,1.0,0.498,0.497
1981,0.0,1.0,0.493,0.5
1982,0.0,1.0,0.495,0.498
1983,0.0,1.0,0.493,0.501
1984,0.0,1.0,0.496,0.503
1985,0.0,1.0,0.498,0.497
1986,0.0,1.0,0.501,0.497
1987,0.0,1.0,0.495,0.5
1988,0.0,1.0,0.501,0.497
1989,0.0,1.0,0.499,0.494
1990,0.0,1.0,0.5,0.495
1991,0.0,1.0,0.498,0.494
1992,0.0,1.0,0.491,0.499
1993,0.0,1.0,0.493,0.501
1994,0.0,1.0,0.494,0.5
1995,0.0,1.0,0.5,0.502
1996,0.0,1.0,0.494,0.499
1997,0.0,1.0,0.497,0.5
1998,0.0,1.0,0.497,0.498
1999,0.0,1.0,0.495,0.499
2000,0.0,1.0,0.5,0.5
2001,0.0,1.0,0.498,0.503
2002,0.0,1.0,0.5,0.503
2003,0.0,1.0,0.497,0.502
2004,0.0,1.0,0.495,0.506
2005,0.0,1.0,0.494,0.505
2006,0.0,1.0,0.497,0.505
2007,0.0,1.0,0.496,0.499
2008,0.0,1.0,0.499,0.495
2009,0.0,1.0,0.496,0.494
2010,0.0,1.0,0.495,0.491
2011,0.0,1.0,0.497,0.496
2012,0.0,1.0,0.499,0.495
2013,0.0,1.0,0.497,0.498
2014,0.0,1.0,0.497,0.498
2015,0.0,1.0,0.491,0.503
2016,0.0,1.0,0.492,0.5
2017,0.0,1.0,0.489,0.496
2018,0.0,1.0,0.488,0.502
2019,0.0,1.0,0.487,0.499
2020,0.0,1.0,0.485,0.497
2021,0.0,1.0,0.486,0.499
2022,0.0,1.0,0.488,0.503
2023,0.0,1.0,0.496,0.503
2024,0.0,1.0,0.496,0.504
2025,0.0,1.0,0.493,0.507
2026,0.0,1.0,0.495,0.503
2027,0.0,1.0,0.498,0.505
2028,0.0,1.0,0.494,0.501
2029,0.0,1.0,0.493,0.504
2030,0.0,1.0,0.492,0.501
2031,0.0,1.0,0.489,0.501
2032,0.0,1.0,0.491,0.504
2033,0.0,1.0,0.492,0.501
2034,0.0,1.0,0.495,0.497
2035,0.0,1.0,0.493,0.5
2036,0.0,1.0,0.494,0.495
2037,0.0,1.0,0.498,0.493
2038,0.0,1.0,0.492,0.492
2039,0.0,1.0,0.496,0.49
2040,0.0,1.0,0.499,0.486
2041,0.0,1.0,0.493,0.485
2042,0.0,1.0,0.497,0.482
2043,0.0,1.0,0.501,0.481
2044,0.0,1.0,0.503,0.484
2045,0.0,1.0,0.503,0.489
2046,0.0,1.0,0.503,0.497
2047,0.0,1.0,0.499,0.496
2048,0.0,1.0,0.495,0.499
2049,0.0,1.0,0.494,0.499
2050,0.0,1.0,0.492,0.497
2051,0.0,1.0,0.497,0.498
2052,0.0,1.0,0.497,0.493
2053,0.0,1.0,0.494,0.492
2054,0.0,1.0,0.492,0.496
2055,0.0,1.0,0.494,0.492
2056,0.0,1.0,0.49,0.488
2057,0.0,1.0,0.488,0.491
2058,0.0,1.0,0.491,0.493
2059,0.0,1.0,0.494,0.487
2060,0.0,1.0,0.496,0.489
2061,0.0,1.0,0.489,0.486
2062,0.0,1.0,0.494,0.484
2063,0.0,1.0,0.495,0.484
2064,0.0,1.0,0.491,0.489
2065,0.0,1.0,0.49,0.488
2066,0.0,1.0,0.49,0.489
2067,0.0,1.0,0.49,0.492
2068,0.0,1.0,0.489,0.49
2069,0.0,1.0,0.492,0.487
2070,0.0,1.0,0.49,0.489
2071,0.0,1.0,0.487,0.491
2072,0.0,1.0,0.493,0.493
2073,0.0,1.0,0.496,0.49
2074,0.0,1.0,0.493,0.487
2075,0.0,1.0,0.499,0.488
2076,0.0,1.0,0.5,0.491
2077,0.0,1.0,0.499,0.49
2078,0.0,1.0,0.499,0.493
2079,0.0,1.0,0.499,0.494
2080,0.0,1.0,0.506,0.495
2081,0.0,1.0,0.5,0.496
2082,0.0,1.0,0.496,0.494
2083,0.0,1.0,0.5,0.493
2084,0.0,1.0,0.5,0.491
2085,0.0,1.0,0.499,0.489
2086,0.0,1.0,0.504,0.487
2087,0.0,1.0,0.503,0.494
2088,0.0,1.0,0.499,0.493
2089,0.0,1.0,0.498,0.49
2090,0.0,1.0,0.5,0.489
2091,0.0,1.0,0.5,0.488
2092,0.0,1.0,0.495,0.494
2093,0.0,1.0,0.494,0.493
2094,0.0,1.0,0.495,0.49
2095,0.0,1.0,0.489,0.49
2096,0.0,1.0,0.49,0.495
2097,0.0,1.0,0.491,0.496
2098,0.0,1.0,0.489,0.504
2099,0.0,1.0,0.491,0.505
2100,0.0,1.0,0.491,0.501
2101,0.0,1.0,0.49,0.498
2102,0.0,1.0,0.489,0.497
2103,0.0,1.0,0.489,0.497
2104,0.0,1.0,0.487,0.498
2105,0.0,1.0,0.487,0.495
2106,0.0,1.0,0.489,0.492
2107,0.0,1.0,0.494,0.494
2108,0.0,1.0,0.5,0.499
2109,0.0,1.0,0.495,0.498
2110,0.0,1.0,0.495,0.491
2111,0.0,1.0,0.493,0.492
2112,0.0,1.0,0.499,0.49
2113,0.0,1.0,0.501,0.49
2114,0.0,1.0,0.502,0.488
2115,0.0,1.0,0.499,0.491
2116,0.0,1.0,0.503,0.492
2117,0.0,1.0,0.502,0.492
2118,0.0,1.0,0.499,0.491
2119,0.0,1.0,0.503,0.492
2120,0.0,1.0,0.498,0.499
2121,0.0,1.0,0.497,0.498
2122,0.0,1.0,0.491,0.498
2123,0.0,1.0,0.495,0.496
2124,0.0,1.0,0.496,0.499
2125,0.0,1.0,0.493,0.5
2126,0.0,1.0,0.494,0.496
2127,0.0,1.0,0.501,0.498
2128,0.0,1.0,0.504,0.499
2129,0.0,1.0,0.506,0.497
2130,0.0,1.0,0.505,0.498
2131,0.0,1.0,0.504,0.499
2132,0.0,1.0,0.504,0.493
2133,0.0,1.0,0.502,0.492
2134,0.0,1.0,0.497,0.489
2135,0.0,1.0,0.492,0.488
2136,0.0,1.0,0.494,0.487
2137,0.0,1.0,0.5,0.486
2138,0.0,1.0,0.493,0.487
2139,0.0,1.0,0.495,0.489
2140,0.0,1.0,0.492,0.495
2141,0.0,1.0,0.489,0.496
2142,0.0,1.0,0.492,0.494
2143,0.0,1.0,0.496,0.497
2144,0.0,1.0,0.5,0.497
2145,0.0,1.0,0.5,0.5
2146,0.0,1.0,0.5,0.498
2147,0.0,1.0,0.498,0.497
2148,0.0,1.0,0.493,0.493
2149,0.0,1.0,0.494,0.495
2150,0.0,1.0,0.496,0.501
2151,0.0,1.0,0.5,0.498
2152,0.0,1.0,0.501,0.5
2153,0.0,1.0,0.501,0.5
2154,0.0,1.0,0.499,0.494
2155,0.0,1.0,0.494,0.493
2156,0.0,1.0,0.494,0.49
2157,0.0,1.0,0.505,0.494
2158,0.0,1.0,0.505,0.493
2159,0.0,1.0,0.505,0.495
2160,0.0,1.0,0.506,0.49
2161,0.0,1.0,0.503,0.497
2162,0.0,1.0,0.503,0.499
2163,0.0,1.0,0.503,0.497
2164,0.0,1.0,0.499,0.495
2165,0.0,1.0,0.495,0.494
2166,0.0,1.0,0.495,0.502
2167,0.0,1.0,0.49,0.504
2168,0.0,1.0,0.493,0.5
2169,0.0,1.0,0.491,0.502
2170,0.0,1.0,0.488,0.503
2171,0.0,1.0,0.487,0.5
2172,0.0,1.0,0.485,0.506
2173,0.0,1.0,0.492,0.509
2174,0.0,1.0,0.493,0.507
2175,0.0,1.0,0.491,0.506
2176,0.0,1.0,0.487,0.507
2177,0.0,1.0,0.489,0.501
2178,0.0,1.0,0.488,0.499
2179,0.0,1.0,0.487,0.499
2180,0.0,1.0,0.489,0.498
2181,0.0,1.0,0.49,0.494
2182,0.0,1.0,0.493,0.492
2183,0.0,1.0,0.495,0.495
2184,0.0,1.0,0.498,0.495
2185,0.0,1.0,0.495,0.498
2186,0.0,1.0,0.497,0.495
2187,0.0,1.0,0.505,0.493
2188,0.0,1.0,0.506,0.492
2189,0.0,1.0,0.501,0.491
2190,0.0,1.0,0.495,0.495
2191,0.0,1.0,0.497,0.502
2192,0.0,1.0,0.499,0.505
2193,0.0,1.0,0.5,0.504
2194,0.0,1.0,0.498,0.507
2195,0.0,1.0,0.497,0.504
2196,0.0,1.0,0.499,0.502
2197,0.0,1.0,0.499,0.498
2198,0.0,1.0,0.495,0.497
2199,0.0,1.0,0.497,0.499
2200,0.0,1.0,0.497,0.494
2201,0.0,1.0,0.5,0.497
2202,0.0,1.0,0.499,0.493
2203,0.0,1.0,0.497,0.489
2204,0.0,1.0,0.492,0.497
2205,0.0,1.0,0.492,0.497
2206,0.0,1.0,0.492,0.501
2207,0.0,1.0,0.491,0.502
2208,0.0,1.0,0.49,0.5
2209,0.0,1.0,0.493,0.505
2210,0.0,1.0,0.495,0.506
2211,0.0,1.0,0.495,0.51
2212,0.0,1.0,0.49,0.506
2213,0.0,1.0,0.486,0.504
2214,0.0,1.0,0.486,0.507
2215,0.0,1.0,0.489,0.505
2216,0.0,1.0,0.492,0.498
2217,0.0,1.0,0.489,0.497
2218,0.0,1.0,0.497,0.496
2219,0.0,1.0,0.497,0.495
2220,0.0,1.0,0.496,0.495
2221,0.0,1.0,0.497,0.497
2222,0.0,1.0,0.496,0.499
2223,0.0,1.0,0.496,0.497
2224,0.0,1.0,0.492,0.498
2225,0.0,1.0,0.5,0.501
2226,0.0,1.0,0.501,0.501
2227,0.0,1.0,0.495,0.498
2228,0.0,1.0,0.492,0.498
2229,0.0,1.0,0.497,0.497
2230,0.0,1.0,0.497,0.49
2231,0.0,1.0,0.503,0.493
2232,0.0,1.0,0.501,0.49
2233,0.0,1.0,0.5,0.482
2234,0.0,1.0,0.5,0.483
2235,0.0,1.0,0.496,0.483
2236,0.0,1.0,0.501,0.477
2237,0.0,1.0,0.498,0.479
2238,0.0,1.0,0.493,0.477
2239,0.0,1.0,0.493,0.474
2240,0.0,1.0,0.495,0.481
2241,0.0,1.0,0.489,0.479
2242,0.0,1.0,0.493,0.483
2243,0.0,1.0,0.492,0.486
2244,0.0,1.0,0.493,0.484
2245,0.0,1.0,0.49,0.483
2246,0.0,1.0,0.492,0.481
2247,0.0,1.0,0.492,0.483
2248,0.0,1.0,0.492,0.487
2249,0.0,1.0,0.494,0.488
2250,0.0,1.0,0.5,0.49
2251,0.0,1.0,0.503,0.485
2252,0.0,1.0,0.502,0.483
2253,0.0,1.0,0.503,0.486
2254,0.0,1.0,0.508,0.485
2255,0.0,1.0,0.506,0.487
2256,0.0,1.0,0.506,0.487
2257,0.0,1.0,0.508,0.487
2258,0.0,1.0,0.5,0.49
2259,0.0,1.0,0.498,0.489
2260,0.0,1.0,0.494,0.497
2261,0.0,1.0,0.498,0.498
2262,0.0,1.0,0.5,0.499
2263,0.0,1.0,0.495,0.498
2264,0.0,1.0,0.497,0.502
2265,0.0,1.0,0.496,0.503
2266,0.0,1.0,0.498,0.502
2267,0.0,1.0,0.497,0.501
2268,0.0,1.0,0.494,0.504
2269,0.0,1.0,0.494,0.502
2270,0.0,1.0,0.495,0.495
2271,0.0,1.0,0.495,0.501
2272,0.0,1.0,0.494,0.501
2273,0.0,1.0,0.5,0.495
2274,0.0,1.0,0.503,0.494
2275,0.0,1.0,0.503,0.494
2276,0.0,1.0,0.504,0.492
2277,0.0,1.0,0.502,0.495
2278,0.0,1.0,0.5,0.493
2279,0.0,1.0,0.494,0.492
2280,0.0,1.0,0.489,0.491
2281,0.0,1.0,0.491,0.493
2282,0.0,1.0,0.487,0.488
2283,0.0,1.0,0.484,0.488
2284,0.0,1.0,0.486,0.496
2285,0.0,1.0,0.484,0.499
2286,0.0,1.0,0.481,0.494
2287,0.0,1.0,0.486,0.495
2288,0.0,1.0,0.491,0.498
2289,0.0,1.0,0.492,0.497
2290,0.0,1.0,0.494,0.494
2291,0.0,1.0,0.491,0.492
2292,0.0,1.0,0.49,0.492
2293,0.0,1.0,0.49,0.486
2294,0.0,1.0,0.493,0.485
2295,0.0,1.0,0.492,0.485
2296,0.0,1.0,0.498,0.482
2297,0.0,1.0,0.495,0.49
2298,0.0,1.0,0.494,0.49
2299,0.0,1.0,0.5,0.488
2300,0.0,1.0,0.495,0.487
2301,0.0,1.0,0.495,0.486
2302,0.0,1.0,0.494,0.483
2303,0.0,1.0,0.495,0.483
2304,0.0,1.0,0.498,0.481
2305,0.0,1.0,0.493,0.486
2306,0.0,1.0,0.496,0.492
2307,0.0,1.0,0.493,0.489
2308,0.0,1.0,0.487,0.492
2309,0.0,1.0,0.488,0.494
2310,0.0,1.0,0.491,0.498
2311,0.0,1.0,0.494,0.5
2312,0.0,1.0,0.493,0.498
2313,0.0,1.0,0.493,0.494
2314,0.0,1.0,0.498,0.494
2315,0.0,1.0,0.5,0.491
2316,0.0,1.0,0.505,0.495
2317,0.0,1.0,0.5,0.493
2318,0.0,1.0,0.495,0.494
2319,0.0,1.0,0.5,0.497
2320,0.0,1.0,0.499,0.499
2321,0.0,1.0,0.498,0.501
2322,0.0,1.0,0.496,0.499
2323,0.0,1.0,0.5,0.499
2324,0.0,1.0,0.498,0.505
2325,0.0,1.0,0.501,0.509
2326,0.0,1.0,0.5,0.505
2327,0.0,1.0,0.5,0.508
2328,0.0,1.0,0.501,0.509
2329,0.0,1.0,0.5,0.507
2330,0.0,1.0,0.501,0.507
2331,0.0,1.0,0.503,0.505
2332,0.0,1.0,0.505,0.504
2333,0.0,1.0,0.506,0.501
2334,0.0,1.0,0.501,0.498
2335,0.0,1.0,0.501,0.501
2336,0.0,1.0,0.496,0.504
2337,0.0,1.0,0.491,0.503
2338,0.0,1.0,0.49,0.499
2339,0.0,1.0,0.495,0.502
2340,0.0,1.0,0.499,0.506
2341,0.0,1.0,0.491,0.497
2342,0.0,1.0,0.494,0.499
2343,0.0,1.0,0.49,0.5
2344,0.0,1.0,0.494,0.498
2345,0.0,1.0,0.493,0.496
2346,0.0,1.0,0.488,0.499
2347,0.0,1.0,0.49,0.496
2348,0.0,1.0,0.486,0.502
2349,0.0,1.0,0.485,0.499
2350,0.0,1.0,0.488,0.496
2351,0.0,1.0,0.494,0.496
2352,0.0,1.0,0.493,0.5
2353,0.0,1.0,0.499,0.506
2354,0.0,1.0,0.498,0.502
2355,0.0,1.0,0.498,0.498
2356,0.0,1.0,0.497,0.5
2357,0.0,1.0,0.498,0.503
2358,0.0,1.0,0.5,0.501
2359,0.0,1.0,0.498,0.498
2360,0.0,1.0,0.496,0.505
2361,0.0,1.0,0.494,0.507
2362,0.0,1.0,0.495,0.509
2363,0.0,1.0,0.493,0.512
2364,0.0,1.0,0.499,0.513
2365,0.0,1.0,0.5,0.509
2366,0.0,1.0,0.493,0.504
2367,0.0,1.0,0.495,0.503
2368,0.0,1.0,0.496,0.497
2369,0.0,1.0,0.498,0.492
2370,0.0,1.0,0.501,0.491
2371,0.0,1.0,0.501,0.491
2372,0.0,1.0,0.5,0.487
2373,0.0,1.0,0.5,0.483
2374,0.0,1.0,0.501,0.48
2375,0.0,1.0,0.5,0.485
2376,0.0,1.0,0.5,0.485
2377,0.0,1.0,0.497,0.486
2378,0.0,1.0,0.5,0.493
2379,0.0,1.0,0.497,0.489
2380,0.0,1.0,0.496,0.491
2381,0.0,1.0,0.496,0.499
2382,0.0,1.0,0.49,0.499
2383,0.0,1.0,0.489,0.498
2384,0.0,1.0,0.483,0.496
2385,0.0,1.0,0.488,0.498
2386,0.0,1.0,0.493,0.5
2387,0.0,1.0,0.484,0.504
2388,0.0,1.0,0.49,0.506
2389,0.0,1.0,0.49,0.501
2390,0.0,1.0,0.494,0.498
2391,0.0,1.0,0.496,0.501
2392,0.0,1.0,0.5,0.503
2393,0.0,1.0,0.506,0.507
2394,0.0,1.0,0.504,0.501
2395,0.0,1.0,0.505,0.499
2396,0.0,1.0,0.502,0.497
2397,0.0,1.0,0.499,0.498
2398,0.0,1.0,0.501,0.498
2399,0.0,1.0,0.502,0.499
2400,0.0,1.0,0.501,0.497
2401,0.0,1.0,0.501,0.498
2402,0.0,1.0,0.501,0.495
2403,0.0,1.0,0.5,0.492
2404,0.0,1.0,0.5,0.488
2405,0.0,1.0,0.503,0.489
2406,0.0,1.0,0.502,0.496
2407,0.0,1.0,0.504,0.494
2408,0.0,1.0,0.504,0.492
2409,0.0,1.0,0.501,0.492
2410,0.0,1.0,0.503,0.494
2411,0.0,1.0,0.499,0.491
2412,0.0,1.0,0.49,0.493
2413,0.0,1.0,0.488,0.497
2414,0.0,1.0,0.488,0.497
2415,0.0,1.0,0.486,0.497
2416,0.0,1.0,0.49,0.496
2417,0.0,1.0,0.491,0.493
2418,0.0,1.0,0.496,0.495
2419,0.0,1.0,0.495,0.496
2420,0.0,1.0,0.5,0.492
2421,0.0,1.0,0.497,0.493
2422,0.0,1.0,0.5,0.494
2423,0.0,1.0,0.504,0.494
2424,0.0,1.0,0.499,0.492
2425,0.0,1.0,0.498,0.491
2426,0.0,1.0,0.501,0.492
2427,0.0,1.0,0.495,0.495
2428,0.0,1.0,0.499,0.497
2429,0.0,1.0,0.503,0.501
2430,0.0,1.0,0.499,0.499
2431,0.0,1.0,0.501,0.498
2432,0.0,1.0,0.502,0.503
2433,0.0,1.0,0.502,0.503
2434,0.0,1.0,0.5,0.502
2435,0.0,1.0,0.5,0.499
2436,0.0,1.0,0.497,0.503
2437,0.0,1.0,0.497,0.498
2438,0.0,1.0,0.494,0.496
2439,0.0,1.0,0.493,0.494
2440,0.0,1.0,0.488,0.5
2441,0.0,1.0,0.486,0.5
2442,0.0,1.0,0.485,0.501
2443,0.0,1.0,0.487,0.504
2444,0.0,1.0,0.489,0.499
2445,0.0,1.0,0.492,0.501
2446,0.0,1.0,0.498,0.493
2447,0.0,1.0,0.5,0.495
2448,0.0,1.0,0.5,0.501
2449,0.0,1.0,0.502,0.494
2450,0.0,1.0,0.497,0.493
2451,0.0,1.0,0.491,0.494
2452,0.0,1.0,0.493,0.489
2453,0.0,1.0,0.495,0.489
2454,0.0,1.0,0.493,0.494
2455,0.0,1.0,0.493,0.492
2456,0.0,1.0,0.49,0.495
2457,0.0,1.0,0.486,0.488
2458,0.0,1.0,0.483,0.488
2459,0.0,1.0,0.482,0.49
2460,0.0,1.0,0.481,0.488
2461,0.0,1.0,0.474,0.488
2462,0.0,1.0,0.477,0.493
2463,0.0,1.0,0.483,0.493
2464,0.0,1.0,0.483,0.493
2465,0.0,1.0,0.488,0.491
2466,0.0,1.0,0.484,0.49
2467,0.0,1.0,0.489,0.497
2468,0.0,1.0,0.49,0.499
2469,0.0,1.0,0.491,0.497
2470,0.0,1.0,0.493,0.498
2471,0.0,1.0,0.492,0.498
2472,0.0,1.0,0.497,0.497
2473,0.0,1.0,0.501,0.497
2474,0.0,1.0,0.498,0.493
2475,0.0,1.0,0.499,0.493
2476,0.0,1.0,0.499,0.491
2477,0.0,1.0,0.5,0.491
2478,0.0,1.0,0.497,0.493
2479,0.0,1.0,0.496,0.494
2480,0.0,1.0,0.501,0.494
2481,0.0,1.0,0.5,0.494
2482,0.0,1.0,0.498,0.496
2483,0.0,1.0,0.498,0.492
2484,0.0,1.0,0.498,0.49
2485,0.0,1.0,0.498,0.492
2486,0.0,1.0,0.496,0.493
2487,0.0,1.0,0.499,0.495
2488,0.0,1.0,0.501,0.497
2489,0.0,1.0,0.505,0.498
2490,0.0,1.0,0.5,0.499
2491,0.0,1.0,0.501,0.498
2492,0.0,1.0,0.5,0.497
2493,0.0,1.0,0.502,0.497
2494,0.0,1.0,0.502,0.492
2495,0.0,1.0,0.498,0.489
2496,0.0,1.0,0.498,0.487
2497,0.0,1.0,0.495,0.485
2498,0.0,1.0,0.494,0.483
2499,0.0,1.0,0.492,0.481
2500,0.0,1.0,0.492,0.475
2501,0.0,1.0,0.489,0.482
2502,0.0,1.0,0.491,0.488
2503,0.0,1.0,0.489,0.488
2504,0.0,1.0,0.489,0.483
2505,0.0,1.0,0.494,0.483
2506,0.0,1.0,0.496,0.479
2507,0.0,1.0,0.495,0.479
2508,0.0,1.0,0.497,0.482
2509,0.0,1.0,0.493,0.483
2510,0.0,1.0,0.498,0.481
2511,0.0,1.0,0.496,0.485
2512,0.0,1.0,0.499,0.488
2513,0.0,1.0,0.502,0.49
2514,0.0,1.0,0.494,0.487
2515,0.0,1.0,0.497,0.49
2516,0.0,1.0,0.497,0.494
2517,0.0,1.0,0.496,0.494
2518,0.0,1.0,0.492,0.494
2519,0.0,1.0,0.493,0.49
2520,0.0,1.0,0.496,0.496
2521,0.0,1.0,0.498,0.499
2522,0.0,1.0,0.499,0.499
2523,0.0,1.0,0.497,0.497
2524,0.0,1.0,0.5,0.49
2525,0.0,1.0,0.496,0.483
2526,0.0,1.0,0.492,0.482
2527,0.0,1.0,0.498,0.479
2528,0.0,1.0,0.502,0.484
2529,0.0,1.0,0.504,0.484
2530,0.0,1.0,0.506,0.489
2531,0.0,1.0,0.505,0.489
2532,0.0,1.0,0.505,0.491
2533,0.0,1.0,0.508,0.492
2534,0.0,1.0,0.502,0.489
2535,0.0,1.0,0.497,0.49
2536,0.0,1.0,0.499,0.493
2537,0.0,1.0,0.5,0.492
2538,0.0,1.0,0.505,0.491
2539,0.0,1.0,0.505,0.488
2540,0.0,1.0,0.501,0.494
2541,0.0,1.0,0.501,0.502
2542,0.0,1.0,0.5,0.5
2543,0.0,1.0,0.498,0.5
2544,0.0,1.0,0.498,0.505
2545,0.0,1.0,0.496,0.5
2546,0.0,1.0,0.497,0.499
2547,0.0,1.0,0.494,0.498
2548,0.0,1.0,0.494,0.491
2549,0.0,1.0,0.495,0.489
2550,0.0,1.0,0.494,0.49
2551,0.0,1.0,0.497,0.488
2552,0.0,1.0,0.501,0.487
2553,0.0,1.0,0.496,0.482
2554,0.0,1.0,0.494,0.485
2555,0.0,1.0,0.491,0.489
2556,0.0,1.0,0.496,0.483
2557,0.0,1.0,0.494,0.484
2558,0.0,1.0,0.491,0.485
2559,0.0,1.0,0.49,0.493
2560,0.0,1.0,0.49,0.488
2561,0.0,1.0,0.491,0.489
2562,0.0,1.0,0.492,0.49
2563,0.0,1.0,0.498,0.488
2564,0.0,1.0,0.502,0.488
2565,0.0,1.0,0.5,0.49
2566,0.0,1.0,0.507,0.489
2567,0.0,1.0,0.51,0.488
2568,0.0,1.0,0.518,0.493
2569,0.0,1.0,0.514,0.495
2570,0.0,1.0,0.51,0.499
2571,0.0,1.0,0.511,0.494
2572,0.0,1.0,0.504,0.489
2573,0.0,1.0,0.507,0.49
2574,0.0,1.0,0.503,0.49
2575,0.0,1.0,0.499,0.495
2576,0.0,1.0,0.494,0.497
2577,0.0,1.0,0.494,0.501
2578,0.0,1.0,0.497,0.506
2579,0.0,1.0,0.495,0.502
2580,0.0,1.0,0.496,0.502
2581,0.0,1.0,0.493,0.505
2582,0.0,1.0,0.491,0.506
2583,0.0,1.0,0.494,0.505
2584,0.0,1.0,0.491,0.503
2585,0.0,1.0,0.49,0.498
2586,0.0,1.0,0.493,0.498
2587,0.0,1.0,0.494,0.501
2588,0.0,1.0,0.488,0.5
2589,0.0,1.0,0.485,0.498
2590,0.0,1.0,0.484,0.497
2591,0.0,1.0,0.488,0.497
2592,0.0,1.0,0.491,0.493
2593,0.0,1.0,0.487,0.489
2594,0.0,1.0,0.483,0.493
2595,0.0,1.0,0.489,0.492
2596,0.0,1.0,0.487,0.489
2597,0.0,1.0,0.488,0.487
2598,0.0,1.0,0.493,0.492
2599,0.0,1.0,0.49,0.492
2600,0.0,1.0,0.489,0.494
2601,0.0,1.0,0.49,0.498
2602,0.0,1.0,0.495,0.498
2603,0.0,1.0,0.503,0.503
2604,0.0,1.0,0.504,0.505
2605,0.0,1.0,0.507,0.506
2606,0.0,1.0,0.502,0.504
2607,0.0,1.0,0.503,0.501
2608,0.0,1.0,0.501,0.497
2609,0.0,1.0,0.501,0.496
2610,0.0,1.0,0.497,0.495
2611,0.0,1.0,0.5,0.493
2612,0.0,1.0,0.5,0.494
2613,0.0,1.0,0.504,0.496
2614,0.0,1.0,0.508,0.495
2615,0.0,1.0,0.507,0.495
2616,0.0,1.0,0.509,0.497
2617,0.0,1.0,0.51,0.497
2618,0.0,1.0,0.506,0.495
2619,0.0,1.0,0.507,0.49
2620,0.0,1.0,0.508,0.493
2621,0.0,1.0,0.505,0.495
2622,0.0,1.0,0.499,0.496
2623,0.0,1.0,0.503,0.497
2624,0.0,1.0,0.507,0.495
2625,0.0,1.0,0.501,0.495
2626,0.0,1.0,0.5,0.496
2627,0.0,1.0,0.497,0.497
2628,0.0,1.0,0.493,0.501
2629,0.0,1.0,0.491,0.497
2630,0.0,1.0,0.493,0.494
2631,0.0,1.0,0.493,0.492
2632,0.0,1.0,0.493,0.493
2633,0.0,1.0,0.494,0.495
2634,0.0,1.0,0.493,0.49
2635,0.0,1.0,0.495,0.484
2636,0.0,1.0,0.492,0.488
2637,0.0,1.0,0.494,0.487
2638,0.0,1.0,0.497,0.493
2639,0.0,1.0,0.498,0.493
2640,0.0,1.0,0.495,0.489
2641,0.0,1.0,0.491,0.491
2642,0.0,1.0,0.486,0.488
2643,0.0,1.0,0.484,0.487
2644,0.0,1.0,0.491,0.486
2645,0.0,1.0,0.495,0.483
2646,0.0,1.0,0.492,0.489
2647,0.0,1.0,0.49,0.487
2648,0.0,1.0,0.485,0.487
2649,0.0,1.0,0.488,0.488
2650,0.0,1.0,0.488,0.485
2651,0.0,1.0,0.484,0.485
2652,0.0,1.0,0.485,0.488
2653,0.0,1.0,0.484,0.485
2654,0.0,1.0,0.491,0.483
2655,0.0,1.0,0.492,0.485
2656,0.0,1.0,0.492,0.487
2657,0.0,1.0,0.49,0.486
2658,0.0,1.0,0.488,0.486
2659,0.0,1.0,0.487,0.48
2660,0.0,1.0,0.483,0.483
2661,0.0,1.0,0.482,0.486
2662,0.0,1.0,0.48,0.491
2663,0.0,1.0,0.482,0.497
2664,0.0,1.0,0.488,0.498
2665,0.0,1.0,0.488,0.498
2666,0.0,1.0,0.487,0.497
2667,0.0,1.0,0.483,0.498
2668,0.0,1.0,0.487,0.493
2669,0.0,1.0,0.486,0.497
2670,0.0,1.0,0.487,0.499
2671,0.0,1.0,0.481,0.493
2672,0.0,1.0,0.483,0.493
2673,0.0,1.0,0.485,0.491
2674,0.0,1.0,0.486,0.49
2675,0.0,1.0,0.488,0.49
2676,0.0,1.0,0.488,0.486
2677,0.0,1.0,0.485,0.492
2678,0.0,1.0,0.49,0.492
2679,0.0,1.0,0.488,0.496
2680,0.0,1.0,0.487,0.49
2681,0.0,1.0,0.484,0.491
2682,0.0,1.0,0.488,0.492
2683,0.0,1.0,0.491,0.497
2684,0.0,1.0,0.49,0.501
2685,0.0,1.0,0.487,0.503
2686,0.0,1.0,0.489,0.505
2687,0.0,1.0,0.489,0.504
2688,0.0,1.0,0.491,0.506
2689,0.0,1.0,0.49,0.51
2690,0.0,1.0,0.491,0.506
2691,0.0,1.0,0.497,0.509
2692,0.0,1.0,0.494,0.505
2693,0.0,1.0,0.489,0.509
2694,0.0,1.0,0.49,0.506
2695,0.0,1.0,0.487,0.51
2696,0.0,1.0,0.49,0.508
2697,0.0,1.0,0.489,0.507
2698,0.0,1.0,0.487,0.505
2699,0.0,1.0,0.486,0.504
2700,0.0,1.0,0.487,0.504
2701,0.0,1.0,0.487,0.502
2702,0.0,1.0,0.488,0.501
2703,0.0,1.0,0.483,0.496
2704,0.0,1.0,0.485,0.499
2705,0.0,1.0,0.486,0.495
2706,0.0,1.0,0.491,0.497
2707,0.0,1.0,0.492,0.5
2708,0.0,1.0,0.493,0.498
2709,0.0,1.0,0.497,0.496
2710,0.0,1.0,0.5,0.493
2711,0.0,1.0,0.5,0.492
2712,0.0,1.0,0.502,0.496
2713,0.0,1.0,0.507,0.5
2714,0.0,1.0,0.499,0.497
2715,0.0,1.0,0.492,0.494
2716,0.0,1.0,0.492,0.496
2717,0.0,1.0,0.495,0.494
2718,0.0,1.0,0.491,0.496
2719,0.0,1.0,0.493,0.495
2720,0.0,1.0,0.496,0.493
2721,0.0,1.0,0.502,0.497
2722,0.0,1.0,0.499,0.492
2723,0.0,1.0,0.5,0.49
2724,0.0,1.0,0.504,0.493
2725,0.0,1.0,0.5,0.491
2726,0.0,1.0,0.497,0.494
2727,0.0,1.0,0.499,0.502
2728,0.0,1.0,0.494,0.498
2729,0.0,1.0,0.492,0.494
2730,0.0,1.0,0.495,0.499
2731,0.0,1.0,0.495,0.499
2732,0.0,1.0,0.49,0.494
2733,0.0,1.0,0.492,0.5
2734,0.0,1.0,0.497,0.497
2735,0.0,1.0,0.5,0.496
2736,0.0,1.0,0.5,0.491
2737,0.0,1.0,0.501,0.491
2738,0.0,1.0,0.496,0.496
2739,0.0,1.0,0.497,0.492
2740,0.0,1.0,0.495,0.49
2741,0.0,1.0,0.5,0.489
2742,0.0,1.0,0.5,0.49
2743,0.0,1.0,0.496,0.493
2744,0.0,1.0,0.496,0.495
2745,0.0,1.0,0.492,0.493
2746,0.0,1.0,0.498,0.492
2747,0.0,1.0,0.498,0.498
2748,0.0,1.0,0.499,0.496
2749,0.0,1.0,0.493,0.502
2750,0.0,1.0,0.495,0.496
2751,0.0,1.0,0.495,0.5
2752,0.0,1.0,0.491,0.497
2753,0.0,1.0,0.498,0.496
2754,0.0,1.0,0.491,0.495
2755,0.0,1.0,0.494,0.493
2756,0.0,1.0,0.496,0.491
2757,0.0,1.0,0.496,0.494
2758,0.0,1.0,0.496,0.489
2759,0.0,1.0,0.494,0.487
2760,0.0,1.0,0.491,0.489
2761,0.0,1.0,0.492,0.49
2762,0.0,1.0,0.495,0.49
2763,0.0,1.0,0.492,0.493
2764,0.0,1.0,0.49,0.498
2765,0.0,1.0,0.491,0.499
2766,0.0,1.0,0.489,0.497
2767,0.0,1.0,0.49,0.496
2768,0.0,1.0,0.493,0.501
2769,0.0,1.0,0.496,0.503
2770,0.0,1.0,0.497,0.501
2771,0.0,1.0,0.494,0.505
2772,0.0,1.0,0.497,0.507
2773,0.0,1.0,0.492,0.509
2774,0.0,1.0,0.493,0.507
2775,0.0,1.0,0.487,0.508
2776,0.0,1.0,0.489,0.505
2777,0.0,1.0,0.487,0.5
2778,0.0,1.0,0.489,0.499
2779,0.0,1.0,0.49,0.499
2780,0.0,1.0,0.485,0.501
2781,0.0,1.0,0.491,0.496
2782,0.0,1.0,0.495,0.495
2783,0.0,1.0,0.493,0.497
2784,0.0,1.0,0.496,0.499
2785,0.0,1.0,0.497,0.497
2786,0.0,1.0,0.494,0.496
2787,0.0,1.0,0.49,0.497
2788,0.0,1.0,0.49,0.493
2789,0.0,1.0,0.486,0.494
2790,0.0,1.0,0.489,0.496
2791,0.0,1.0,0.493,0.497
2792,0.0,1.0,0.488,0.501
2793,0.0,1.0,0.492,0.499
2794,0.0,1.0,0.493,0.504
2795,0.0,1.0,0.496,0.503
2796,0.0,1.0,0.494,0.502
2797,0.0,1.0,0.494,0.504
2798,0.0,1.0,0.495,0.505
2799,0.0,1.0,0.491,0.503
2800,0.0,1.0,0.492,0.501
2801,0.0,1.0,0.491,0.496
2802,0.0,1.0,0.488,0.494
2803,0.0,1.0,0.487,0.494
2804,0.0,1.0,0.487,0.493
2805,0.0,1.0,0.482,0.489
2806,0.0,1.0,0.483,0.492
2807,0.0,1.0,0.489,0.489
2808,0.0,1.0,0.492,0.493
2809,0.0,1.0,0.495,0.495
2810,0.0,1.0,0.498,0.493
2811,0.0,1.0,0.498,0.488
2812,0.0,1.0,0.503,0.491
2813,0.0,1.0,0.505,0.494
2814,0.0,1.0,0.507,0.497
2815,0.0,1.0,0.503,0.497
2816,0.0,1.0,0.501,0.495
2817,0.0,1.0,0.499,0.501
2818,0.0,1.0,0.501,0.506
2819,0.0,1.0,0.494,0.502
2820,0.0,1.0,0.498,0.503
2821,0.0,1.0,0.495,0.497
2822,0.0,1.0,0.498,0.497
2823,0.0,1.0,0.497,0.494
2824,0.0,1.0,0.495,0.495
2825,0.0,1.0,0.5,0.494
2826,0.0,1.0,0.496,0.493
2827,0.0,1.0,0.499,0.49
2828,0.0,1.0,0.492,0.489
2829,0.0,1.0,0.49,0.489
2830,0.0,1.0,0.487,0.487
2831,0.0,1.0,0.485,0.487
2832,0.0,1.0,0.491,0.485
2833,0.0,1.0,0.49,0.48
2834,0.0,1.0,0.491,0.484
2835,0.0,1.0,0.492,0.484
2836,0.0,1.0,0.493,0.486
2837,0.0,1.0,0.498,0.487
2838,0.0,1.0,0.502,0.489
2839,0.0,1.0,0.502,0.487
2840,0.0,1.0,0.501,0.487
2841,0.0,1.0,0.499,0.483
2842,0.0,1.0,0.498,0.481
2843,0.0,1.0,0.497,0.485
2844,0.0,1.0,0.495,0.481
2845,0.0,1.0,0.489,0.476
2846,0.0,1.0,0.488,0.479
2847,0.0,1.0,0.491,0.481
2848,0.0,1.0,0.489,0.48
2849,0.0,1.0,0.493,0.485
2850,0.0,1.0,0.495,0.484
2851,0.0,1.0,0.491,0.487
2852,0.0,1.0,0.49,0.484
2853,0.0,1.0,0.485,0.487
2854,0.0,1.0,0.487,0.484
2855,0.0,1.0,0.487,0.482
2856,0.0,1.0,0.481,0.48
2857,0.0,1.0,0.486,0.483
2858,0.0,1.0,0.489,0.482
2859,0.0,1.0,0.497,0.479
2860,0.0,1.0,0.499,0.485
2861,0.0,1.0,0.496,0.485
2862,0.0,1.0,0.494,0.49
2863,0.0,1.0,0.494,0.493
2864,0.0,1.0,0.493,0.493
2865,0.0,1.0,0.494,0.495
2866,0.0,1.0,0.495,0.497
2867,0.0,1.0,0.498,0.495
2868,0.0,1.0,0.493,0.496
2869,0.0,1.0,0.499,0.493
2870,0.0,1.0,0.501,0.488
2871,0.0,1.0,0.5,0.491
2872,0.0,1.0,0.502,0.489
2873,0.0,1.0,0.496,0.489
2874,0.0,1.0,0.494,0.489
2875,0.0,1.0,0.495,0.488
2876,0.0,1.0,0.493,0.491
2877,0.0,1.0,0.501,0.498
2878,0.0,1.0,0.499,0.497
2879,0.0,1.0,0.503,0.496
2880,0.0,1.0,0.503,0.496
2881,0.0,1.0,0.5,0.496
2882,0.0,1.0,0.501,0.5
2883,0.0,1.0,0.504,0.493
2884,0.0,1.0,0.502,0.495
2885,0.0,1.0,0.5,0.501
2886,0.0,1.0,0.5,0.501
2887,0.0,1.0,0.503,0.499
2888,0.0,1.0,0.501,0.494
2889,0.0,1.0,0.501,0.498
2890,0.0,1.0,0.496,0.498
2891,0.0,1.0,0.503,0.502
2892,0.0,1.0,0.505,0.5
2893,0.0,1.0,0.503,0.492
2894,0.0,1.0,0.5,0.493
2895,0.0,1.0,0.496,0.491
2896,0.0,1.0,0.499,0.492
2897,0.0,1.0,0.498,0.494
2898,0.0,1.0,0.494,0.496
2899,0.0,1.0,0.497,0.493
2900,0.0,1.0,0.495,0.495
2901,0.0,1.0,0.491,0.503
2902,0.0,1.0,0.492,0.506
2903,0.0,1.0,0.486,0.503
2904,0.0,1.0,0.487,0.505
2905,0.0,1.0,0.486,0.498
2906,0.0,1.0,0.484,0.498
2907,0.0,1.0,0.486,0.504
2908,0.0,1.0,0.484,0.504
2909,0.0,1.0,0.486,0.502
2910,0.0,1.0,0.49,0.5
2911,0.0,1.0,0.492,0.495
2912,0.0,1.0,0.495,0.498
2913,0.0,1.0,0.496,0.502
2914,0.0,1.0,0.499,0.499
2915,0.0,1.0,0.494,0.503
2916,0.0,1.0,0.495,0.508
2917,0.0,1.0,0.493,0.509
2918,0.0,1.0,0.495,0.502
2919,0.0,1.0,0.495,0.504
2920,0.0,1.0,0.498,0.501
2921,0.0,1.0,0.493,0.502
2922,0.0,1.0,0.497,0.503
2923,0.0,1.0,0.502,0.505
2924,0.0,1.0,0.505,0.509
2925,0.0,1.0,0.506,0.512
2926,0.0,1.0,0.505,0.508
2927,0.0,1.0,0.505,0.504
2928,0.0,1.0,0.501,0.506
2929,0.0,1.0,0.497,0.503
2930,0.0,1.0,0.492,0.501
2931,0.0,1.0,0.492,0.5
2932,0.0,1.0,0.488,0.494
2933,0.0,1.0,0.484,0.494
2934,0.0,1.0,0.486,0.498
2935,0.0,1.0,0.49,0.497
2936,0.0,1.0,0.49,0.501
2937,0.0,1.0,0.488,0.504
2938,0.0,1.0,0.493,0.508
2939,0.0,1.0,0.492,0.507
2940,0.0,1.0,0.495,0.501
2941,0.0,1.0,0.497,0.496
2942,0.0,1.0,0.498,0.491
2943,0.0,1.0,0.5,0.489
2944,0.0,1.0,0.501,0.493
2945,0.0,1.0,0.504,0.495
2946,0.0,1.0,0.507,0.5
2947,0.0,1.0,0.505,0.499
2948,0.0,1.0,0.509,0.5
2949,0.0,1.0,0.504,0.5
2950,0.0,1.0,0.506,0.501
2951,0.0,1.0,0.507,0.507
2952,0.0,1.0,0.508,0.506
2953,0.0,1.0,0.508,0.509
2954,0.0,1.0,0.508,0.512
2955,0.0,1.0,0.509,0.513
2956,0.0,1.0,0.506,0.503
2957,0.0,1.0,0.504,0.504
2958,0.0,1.0,0.511,0.502
2959,0.0,1.0,0.502,0.499
2960,0.0,1.0,0.501,0.501
2961,0.0,1.0,0.499,0.497
2962,0.0,1.0,0.499,0.499
2963,0.0,1.0,0.497,0.494
2964,0.0,1.0,0.494,0.495
2965,0.0,1.0,0.495,0.494
2966,0.0,1.0,0.488,0.497
2967,0.0,1.0,0.491,0.498
2968,0.0,1.0,0.495,0.5
2969,0.0,1.0,0.492,0.499
2970,0.0,1.0,0.494,0.498
2971,0.0,1.0,0.494,0.493
2972,0.0,1.0,0.491,0.486
2973,0.0,1.0,0.49,0.489
2974,0.0,1.0,0.49,0.487
2975,0.0,1.0,0.493,0.492
2976,0.0,1.0,0.494,0.489
2977,0.0,1.0,0.489,0.488
2978,0.0,1.0,0.49,0.488
2979,0.0,1.0,0.489,0.487
2980,0.0,1.0,0.489,0.49
2981,0.0,1.0,0.493,0.492
2982,0.0,1.0,0.494,0.493
2983,0.0,1.0,0.497,0.488
2984,0.0,1.0,0.495,0.488
2985,0.0,1.0,0.491,0.486
2986,0.0,1.0,0.493,0.488
2987,0.0,1.0,0.498,0.486
2988,0.0,1.0,0.502,0.488
2989,0.0,1.0,0.503,0.486
2990,0.0,1.0,0.504,0.487
2991,0.0,1.0,0.504,0.493
2992,0.0,1.0,0.497,0.497
2993,0.0,1.0,0.5,0.5
2994,0.0,1.0,0.501,0.499
2995,0.0,1.0,0.504,0.495
2996,0.0,1.0,0.503,0.496
2997,0.0,1.0,0.503,0.495
2998,0.0,1.0,0.5,0.493
2999,0.0,1.0,0.5,0.495
